BENEFICIARYID,COMPANYID,CREATEDAT,ID,ISACTIVE,STATUSID,UPDATEDAT,USERID,USD_AMOUNT
078ce6e4-9f02-43db-abea-d802b8b1262e,4fde2b19-bb01-47c3-9892-368975aa205b,2022-02-11 00:39:56.623 +0000,a3dd670e-5d46-4a88-815a-343d0e209434,TRUE,3,2022-02-11 09:25:37.280 +0000,a27846f9-a1c6-451e-a942-68ce895984ae,23.76291677
bf9bd3b4-57ef-4518-8024-186c309680ec,7bf43bd2-5be3-4958-8aa6-0f91d05c5022,2022-02-11 18:10:03.737 +0000,1ac99521-90d6-4112-a060-d5f0dcddbfa7,TRUE,3,2022-02-14 00:22:47.533 +0000,c733ab66-2124-4d27-88dc-da946f2e89fd,282.008657875
0ec4c489-4d58-44c4-bb81-783cd11c5cb4,4fde2b19-bb01-47c3-9892-368975aa205b,2022-02-11 18:26:33.223 +0000,a57e6ef8-b859-4529-b3f2-7d952d805d2f,TRUE,3,2022-02-14 00:22:35.187 +0000,a27846f9-a1c6-451e-a942-68ce895984ae,28.707632429
b68480c5-d4fe-4852-b569-895354d3b9a5,4c539af2-d038-4918-b717-f78f5490838d,2022-02-11 17:54:29.887 +0000,40d71a2f-505d-47e6-a97c-e097a93563ca,TRUE,3,2022-02-14 03:32:47.170 +0000,b6951ff1-41aa-495d-8a39-72d3cd300c47,1610.037608453
89dbd932-f0f3-4f16-96d3-c089e696cb30,e1dbfed8-2fe7-4204-aa40-304e6bf6db0b,2022-02-05 13:23:03.973 +0000,0d080b28-5cc3-4768-bfb9-3ab983b1129e,TRUE,3,2022-02-09 03:35:26.920 +0000,b0d83d03-d4cf-4744-99f2-317c58abfaca,1.608011613
a0bcacc6-cbdd-4022-b02b-6fb0748a0fb4,e1dbfed8-2fe7-4204-aa40-304e6bf6db0b,2022-02-05 13:19:09.083 +0000,1035dbb4-f331-40dc-b198-cb5c80f7339d,TRUE,3,2022-02-09 03:35:26.513 +0000,b0d83d03-d4cf-4744-99f2-317c58abfaca,21.402625865
3aecadc6-61ee-4fc6-829f-b9742b57b97e,e1dbfed8-2fe7-4204-aa40-304e6bf6db0b,2022-02-05 13:21:21.493 +0000,620e8b3b-d837-43f0-b1fb-592bfb991939,TRUE,3,2022-02-09 03:35:27.780 +0000,b0d83d03-d4cf-4744-99f2-317c58abfaca,30.653220958
a250a825-479c-445d-bbe1-c781b7d72256,e1dbfed8-2fe7-4204-aa40-304e6bf6db0b,2022-02-05 13:25:16.443 +0000,d64151a8-404f-4172-9651-7aeb61d4d107,TRUE,3,2022-02-09 03:35:28.860 +0000,b0d83d03-d4cf-4744-99f2-317c58abfaca,14.880271454
dbcc1c36-928a-4a7d-b02d-0f20602d9e34,bd6437f0-d5d3-4d38-a678-d2df3edf9201,2022-02-08 10:11:24.477 +0000,92a817b8-dd32-404e-8450-d20a26b6b971,TRUE,3,2022-02-09 16:54:39.133 +0000,3346af79-f2c4-4b43-b64c-ccc4e7d6dad5,1288.239044513
ce2e1e12-235c-4892-949d-efe489183613,4fde2b19-bb01-47c3-9892-368975aa205b,2022-02-09 20:44:22.340 +0000,e75fe65d-3353-43da-81ea-eee7428221c6,TRUE,3,2022-02-10 00:24:45.927 +0000,a27846f9-a1c6-451e-a942-68ce895984ae,26.613816474
a3d629ba-ea15-4445-a244-bd4f9b54b90e,2030d3a6-5063-442a-93ad-2625ad66b2bf,2022-02-09 22:17:21.650 +0000,580ec5e2-4dd7-4643-a889-f87b95e1f075,TRUE,3,2022-02-10 00:19:45.920 +0000,34e1132e-f87d-4d86-b12a-638ecdcf7070,1022.989965524
d6313b68-d0f5-4d48-a8ab-8f6203276af1,2030d3a6-5063-442a-93ad-2625ad66b2bf,2022-02-10 15:28:16.927 +0000,a0c7b33f-df97-4997-aa6c-dccab1b28133,TRUE,3,2022-02-10 15:30:00.807 +0000,34e1132e-f87d-4d86-b12a-638ecdcf7070,1103.824631385
ce2e1e12-235c-4892-949d-efe489183613,4fde2b19-bb01-47c3-9892-368975aa205b,2022-02-04 16:06:07.837 +0000,4fa13739-b40e-4755-a1d5-c8570aab8f2a,TRUE,3,2022-02-04 16:24:57.793 +0000,a27846f9-a1c6-451e-a942-68ce895984ae,27.903057006
449f046e-00da-416e-aa5d-6b2c8aba5c0c,e1dbfed8-2fe7-4204-aa40-304e6bf6db0b,2022-02-05 13:31:57.990 +0000,5783cb47-d0d9-45b8-8ca1-d92179bf7bc5,TRUE,3,2022-02-07 00:22:30.713 +0000,b0d83d03-d4cf-4744-99f2-317c58abfaca,598.802345
675c3047-ae1e-4f6f-a5ab-ad27d752f2ac,e1dbfed8-2fe7-4204-aa40-304e6bf6db0b,2022-02-05 13:43:17.023 +0000,ce25d0ba-b942-4973-b5f9-3eaa67124a0b,TRUE,4,2022-02-07 07:01:57.090 +0000,b0d83d03-d4cf-4744-99f2-317c58abfaca,0
915aeb42-8541-4db0-9c3a-73bad3100db9,e1dbfed8-2fe7-4204-aa40-304e6bf6db0b,2021-12-08 12:32:26.513 +0000,d0e62564-e626-4b7b-b6ae-cbd0aed82572,TRUE,2,2021-12-17 08:42:17.817 +0000,b0d83d03-d4cf-4744-99f2-317c58abfaca,0
0b3fd461-1bac-4fec-bda0-b82ed3dc7136,e1dbfed8-2fe7-4204-aa40-304e6bf6db0b,2021-12-19 15:31:14.183 +0000,95a461c4-5f37-4369-81ed-d7ebfeb4aaea,TRUE,3,2021-12-20 00:32:44.827 +0000,b0d83d03-d4cf-4744-99f2-317c58abfaca,21.805913878
175b8b9d-2282-4682-ac81-45e7e6d1a2b3,bd6437f0-d5d3-4d38-a678-d2df3edf9201,2021-12-20 10:04:10.957 +0000,fa162d7d-cad5-43a6-bacb-ef1e8b4eff05,TRUE,3,2021-12-20 18:05:26.827 +0000,3346af79-f2c4-4b43-b64c-ccc4e7d6dad5,16567.425192521
915aeb42-8541-4db0-9c3a-73bad3100db9,e1dbfed8-2fe7-4204-aa40-304e6bf6db0b,2021-12-20 15:01:48.520 +0000,8e9241e2-34db-4dc2-ab0b-66dd74410e4e,TRUE,3,2021-12-21 03:35:18.657 +0000,b0d83d03-d4cf-4744-99f2-317c58abfaca,26.407715761
3d7feb13-33a3-4f21-b913-cdacca5df294,e1dbfed8-2fe7-4204-aa40-304e6bf6db0b,2021-12-19 15:39:16.377 +0000,9e91c4e6-d3b5-4fd5-a57d-62d5adb5c40e,TRUE,2,2021-12-22 08:24:09.477 +0000,b0d83d03-d4cf-4744-99f2-317c58abfaca,0
af67f0b2-275e-4153-a351-78e1641e17c3,7bf43bd2-5be3-4958-8aa6-0f91d05c5022,2021-12-22 19:17:22.650 +0000,578cad7d-6c37-4ab3-b21b-9ce09c94309e,TRUE,3,2021-12-23 00:25:21.723 +0000,c733ab66-2124-4d27-88dc-da946f2e89fd,115.640485554
e6bfaf87-392a-467f-b26a-5f457ad6268e,bd6437f0-d5d3-4d38-a678-d2df3edf9201,2021-12-23 07:08:55.377 +0000,0f6ec134-64de-4aed-a82b-293405a157c4,TRUE,3,2021-12-23 07:35:09.920 +0000,3346af79-f2c4-4b43-b64c-ccc4e7d6dad5,5491.00420021
e3ff3922-60f6-4ac2-8d05-d4a371bb4af3,bd6437f0-d5d3-4d38-a678-d2df3edf9201,2021-12-23 06:58:07.303 +0000,5bd2ce9a-4b10-463f-b1c5-0164b6e12a0a,TRUE,3,2021-12-23 07:15:00.983 +0000,3346af79-f2c4-4b43-b64c-ccc4e7d6dad5,4955.205410806
c90d8c3f-40e0-4832-9f61-4370ede8393d,bd6437f0-d5d3-4d38-a678-d2df3edf9201,2021-12-23 07:19:34.873 +0000,ee5eaf7a-c735-42bf-bff8-0c621beab9e3,TRUE,3,2021-12-23 07:45:07.913 +0000,3346af79-f2c4-4b43-b64c-ccc4e7d6dad5,1996.873185837
1b8a81f2-f972-432c-b233-55be8f21eca5,bd6437f0-d5d3-4d38-a678-d2df3edf9201,2021-12-23 07:33:42.493 +0000,bdfcf35a-561f-4fdb-bba8-30a8550676f4,TRUE,3,2021-12-23 08:05:13.883 +0000,3346af79-f2c4-4b43-b64c-ccc4e7d6dad5,637.332329992
81d7cdb1-f53f-4ecf-bcd6-c7335a58e5ee,bd6437f0-d5d3-4d38-a678-d2df3edf9201,2021-12-23 07:17:12.443 +0000,64e330c2-926a-4b33-82f3-06ea8e3841e0,TRUE,3,2021-12-23 09:19:15.657 +0000,3346af79-f2c4-4b43-b64c-ccc4e7d6dad5,268.543976649
f3f51a5c-218e-4950-af28-92af29f6c7f7,bd6437f0-d5d3-4d38-a678-d2df3edf9201,2021-12-23 07:13:36.330 +0000,df825469-8c5a-4db7-84b7-f14d07557956,TRUE,3,2021-12-23 09:17:53.287 +0000,3346af79-f2c4-4b43-b64c-ccc4e7d6dad5,617.163923301
7b8bc146-a573-4ac8-a7d9-2ba86c5068fb,4fde2b19-bb01-47c3-9892-368975aa205b,2021-12-23 23:24:12.767 +0000,16f71be7-137c-45d0-8896-bfe486244eb6,TRUE,3,2021-12-24 00:25:09.240 +0000,a27846f9-a1c6-451e-a942-68ce895984ae,22.495571519
b68480c5-d4fe-4852-b569-895354d3b9a5,4c539af2-d038-4918-b717-f78f5490838d,2021-12-23 19:02:15.520 +0000,57b3cad9-42de-41e2-b45c-6731e61a083e,TRUE,3,2021-12-24 03:35:19.550 +0000,b6951ff1-41aa-495d-8a39-72d3cd300c47,814.092849671
170bc527-d898-4d1f-bafa-b5b48d612578,4fde2b19-bb01-47c3-9892-368975aa205b,2021-12-23 23:26:59.787 +0000,e8d2ffeb-862c-467d-8c2b-ac44721e7b16,TRUE,3,2021-12-24 03:22:24.530 +0000,a27846f9-a1c6-451e-a942-68ce895984ae,41.702318493
2fb88622-69ef-447a-908f-0775068e10df,e1dbfed8-2fe7-4204-aa40-304e6bf6db0b,2021-12-27 13:31:47.487 +0000,8d5cbb35-1939-46a6-904f-57cbf66ed935,TRUE,3,2021-12-27 14:03:42.107 +0000,b0d83d03-d4cf-4744-99f2-317c58abfaca,7.60600722
3d7feb13-33a3-4f21-b913-cdacca5df294,e1dbfed8-2fe7-4204-aa40-304e6bf6db0b,2021-12-24 01:34:50.593 +0000,49d7cfc8-901f-411d-a952-891637a09dd2,TRUE,2,2021-12-27 15:53:32.750 +0000,b0d83d03-d4cf-4744-99f2-317c58abfaca,0
5542ab08-64ff-4359-bb35-ed796547b8bd,4fde2b19-bb01-47c3-9892-368975aa205b,2021-12-28 01:06:16.497 +0000,61729c14-7272-4a67-a223-7ffafd599e67,TRUE,3,2021-12-28 01:33:52.493 +0000,a27846f9-a1c6-451e-a942-68ce895984ae,1544.987992005
0cd1f1f1-56dd-4957-bb20-61d09be038ad,7bf43bd2-5be3-4958-8aa6-0f91d05c5022,2021-12-31 17:21:31.420 +0000,b5e27179-1c17-46b2-8ce4-48bd4e1260b5,TRUE,3,2021-12-31 18:30:12.943 +0000,c733ab66-2124-4d27-88dc-da946f2e89fd,1206.469649859
449f046e-00da-416e-aa5d-6b2c8aba5c0c,e1dbfed8-2fe7-4204-aa40-304e6bf6db0b,2022-01-01 16:27:43.510 +0000,207b5f4e-02e2-4b9c-863e-48d9c2e5fc54,TRUE,3,2022-01-03 00:32:42.910 +0000,b0d83d03-d4cf-4744-99f2-317c58abfaca,480.835969469
f558e7ee-0d77-4332-8d81-932417ad941d,4fde2b19-bb01-47c3-9892-368975aa205b,2021-12-31 18:21:36.110 +0000,d81c03ce-1178-4193-96f4-05fa53534cfc,TRUE,3,2022-01-03 00:42:42.107 +0000,a27846f9-a1c6-451e-a942-68ce895984ae,119.362092449
b68480c5-d4fe-4852-b569-895354d3b9a5,4c539af2-d038-4918-b717-f78f5490838d,2021-12-31 19:27:19.880 +0000,277767b2-37b2-462b-95b8-03ac69791457,TRUE,3,2022-01-03 03:32:38.003 +0000,b6951ff1-41aa-495d-8a39-72d3cd300c47,831.176535934
b4ba7df4-c839-4ce2-9b6b-064a6f4391c7,4c539af2-d038-4918-b717-f78f5490838d,2021-12-31 20:11:10.870 +0000,316e0fbe-8bb5-4edd-9fb6-0c7252b07bc7,TRUE,3,2022-01-03 03:32:38.330 +0000,b6951ff1-41aa-495d-8a39-72d3cd300c47,262.221294832
935069fe-d322-49d4-a839-936c35007be9,4c539af2-d038-4918-b717-f78f5490838d,2021-12-31 20:38:53.663 +0000,51208ed4-b032-4aad-9637-37d1fad4404c,TRUE,3,2022-01-03 03:32:42.820 +0000,b6951ff1-41aa-495d-8a39-72d3cd300c47,2396.955448877
b68480c5-d4fe-4852-b569-895354d3b9a5,4c539af2-d038-4918-b717-f78f5490838d,2021-12-31 21:07:48.653 +0000,ad4eb358-34f5-4040-a7a5-eaace75d2001,TRUE,3,2022-01-03 03:32:38.050 +0000,b6951ff1-41aa-495d-8a39-72d3cd300c47,1567.289504463
f531e91c-64ea-4781-8fae-be2416749c67,4c539af2-d038-4918-b717-f78f5490838d,2021-12-31 21:28:21.837 +0000,f5f4583f-7f8a-46c7-b8a5-21c559c2b0d0,TRUE,3,2022-01-03 03:32:39.067 +0000,b6951ff1-41aa-495d-8a39-72d3cd300c47,469.886865543
2fb88622-69ef-447a-908f-0775068e10df,e1dbfed8-2fe7-4204-aa40-304e6bf6db0b,2022-01-03 14:19:04.050 +0000,1c2d13a8-1726-4be3-9905-d43ee2899303,TRUE,3,2022-01-03 14:43:42.787 +0000,b0d83d03-d4cf-4744-99f2-317c58abfaca,386.80136601
3cf8a7d6-8ea0-4943-9c56-f60f78461c06,e1dbfed8-2fe7-4204-aa40-304e6bf6db0b,2022-01-03 14:17:45.043 +0000,3a854316-44f3-4234-a93a-903d36e0ebfa,TRUE,3,2022-01-03 14:43:42.663 +0000,b0d83d03-d4cf-4744-99f2-317c58abfaca,512.310307781
ce2e1e12-235c-4892-949d-efe489183613,4fde2b19-bb01-47c3-9892-368975aa205b,2022-01-04 03:10:17.243 +0000,b6578cb9-84dd-4b74-8b70-e72f50eb7065,TRUE,3,2022-01-04 03:33:59.623 +0000,a27846f9-a1c6-451e-a942-68ce895984ae,212.010997245
7ff02018-adf4-4454-930a-63056f6a193b,4fde2b19-bb01-47c3-9892-368975aa205b,2022-01-04 03:39:07.957 +0000,c4af9b46-743c-4cb9-bcfc-d9fe6d8d79c6,TRUE,3,2022-01-04 04:03:59.280 +0000,a27846f9-a1c6-451e-a942-68ce895984ae,660.320968984
6f1ab3fc-26f8-47f0-99de-ddfd9a41c0ca,4fde2b19-bb01-47c3-9892-368975aa205b,2022-01-04 03:26:21.810 +0000,96804467-2dcc-4b07-9333-63b1eccfc2af,TRUE,3,2022-01-04 08:59:36.257 +0000,a27846f9-a1c6-451e-a942-68ce895984ae,2059.763315965
62f4ff17-8f32-439a-909b-4b1134ef9d83,e1dbfed8-2fe7-4204-aa40-304e6bf6db0b,2022-01-05 13:03:18.863 +0000,286e6d73-1320-4b4d-96d8-ca438f23c176,TRUE,3,2022-01-05 13:34:45.983 +0000,b0d83d03-d4cf-4744-99f2-317c58abfaca,1.703879909
cf24cc15-3ac8-4bbf-acf0-cb91e9f7a07d,e1dbfed8-2fe7-4204-aa40-304e6bf6db0b,2022-01-05 13:06:58.700 +0000,993f1375-c7cf-49fa-9a14-e44d4853dca4,TRUE,3,2022-01-05 13:34:45.983 +0000,b0d83d03-d4cf-4744-99f2-317c58abfaca,1345.887516089
ba19245a-cb31-4954-89d0-f5aad7642d10,e1dbfed8-2fe7-4204-aa40-304e6bf6db0b,2022-01-06 10:50:03.210 +0000,0158fa31-489c-4061-96da-0b690e228591,TRUE,3,2022-01-06 11:14:40.847 +0000,b0d83d03-d4cf-4744-99f2-317c58abfaca,19.649839472
a250a825-479c-445d-bbe1-c781b7d72256,e1dbfed8-2fe7-4204-aa40-304e6bf6db0b,2022-01-06 14:55:02.340 +0000,64c196b2-2482-4b2a-bd5e-b35997fe00ba,TRUE,3,2022-01-10 03:32:31.363 +0000,b0d83d03-d4cf-4744-99f2-317c58abfaca,23.138094356
88c9f881-4a73-4ba4-82ed-3e92479b5b27,e1dbfed8-2fe7-4204-aa40-304e6bf6db0b,2022-01-06 14:17:15.667 +0000,87800d0f-f145-45d2-9e38-066048dca915,TRUE,3,2022-01-10 03:32:38.260 +0000,b0d83d03-d4cf-4744-99f2-317c58abfaca,180.810263858
3aecadc6-61ee-4fc6-829f-b9742b57b97e,e1dbfed8-2fe7-4204-aa40-304e6bf6db0b,2022-01-06 14:21:55.993 +0000,8f6545a7-0d85-478b-8fcd-86579e5596e1,TRUE,3,2022-01-10 03:32:42.183 +0000,b0d83d03-d4cf-4744-99f2-317c58abfaca,44.256152955
a0bcacc6-cbdd-4022-b02b-6fb0748a0fb4,e1dbfed8-2fe7-4204-aa40-304e6bf6db0b,2022-01-06 14:59:25.377 +0000,9068337c-59ae-4b77-9303-8086e121bb7a,TRUE,3,2022-01-10 03:32:35.570 +0000,b0d83d03-d4cf-4744-99f2-317c58abfaca,10.907711758
89dbd932-f0f3-4f16-96d3-c089e696cb30,e1dbfed8-2fe7-4204-aa40-304e6bf6db0b,2022-01-06 14:27:58.863 +0000,d32790d0-341b-4be2-8ab3-6d12d66e652d,TRUE,3,2022-01-10 03:32:39.300 +0000,b0d83d03-d4cf-4744-99f2-317c58abfaca,106.917195539
81d016c7-fcb2-4651-9157-36539b164f82,e1dbfed8-2fe7-4204-aa40-304e6bf6db0b,2022-01-06 14:26:22.037 +0000,f79e5066-430c-49a0-a711-3ddd5763a6da,TRUE,3,2022-01-10 03:32:35.793 +0000,b0d83d03-d4cf-4744-99f2-317c58abfaca,3.667444255
e3ff3922-60f6-4ac2-8d05-d4a371bb4af3,bd6437f0-d5d3-4d38-a678-d2df3edf9201,2022-01-10 05:53:26.277 +0000,0bddb563-e1c6-4b9f-ba10-cf5b2f8a3824,TRUE,3,2022-01-10 06:12:40.997 +0000,3346af79-f2c4-4b43-b64c-ccc4e7d6dad5,5505.28354341
3c441d30-2838-410f-b53e-3aa1397a7ec0,bd6437f0-d5d3-4d38-a678-d2df3edf9201,2022-01-10 05:49:15.273 +0000,2fe557df-986b-4388-a7b5-5562dfd48b56,TRUE,3,2022-01-10 06:05:08.467 +0000,3346af79-f2c4-4b43-b64c-ccc4e7d6dad5,14261.204217533
ed7a1c63-c15f-43ca-a09e-4c7b805746ba,bd6437f0-d5d3-4d38-a678-d2df3edf9201,2022-01-10 06:07:43.227 +0000,5000365c-c791-4653-b320-3bf6da89dae7,TRUE,3,2022-01-10 06:32:43.117 +0000,3346af79-f2c4-4b43-b64c-ccc4e7d6dad5,900.881231837
04c00079-4284-4a48-b959-c542296383d0,bd6437f0-d5d3-4d38-a678-d2df3edf9201,2022-01-10 06:15:11.287 +0000,69c74ee6-44e6-4ad4-9f1c-ea74b9bf55ec,TRUE,3,2022-01-10 06:42:42.547 +0000,3346af79-f2c4-4b43-b64c-ccc4e7d6dad5,305.159466738
cba09a59-d19c-4c28-adaa-78dab99f08d2,bd6437f0-d5d3-4d38-a678-d2df3edf9201,2022-01-10 06:02:59.820 +0000,af5b8ff1-7fe3-4535-b304-7670e1a34367,TRUE,3,2022-01-10 06:32:43.043 +0000,3346af79-f2c4-4b43-b64c-ccc4e7d6dad5,3054.938382841
a551e2de-08ee-40aa-83fd-f73552e73dc3,bd6437f0-d5d3-4d38-a678-d2df3edf9201,2022-01-10 06:10:33.747 +0000,b17f2a7e-a1e8-44cd-853b-dd896b5f3d00,TRUE,3,2022-01-10 06:32:44.870 +0000,3346af79-f2c4-4b43-b64c-ccc4e7d6dad5,60.544812833
047dbc7b-062a-44b9-9d91-31e7a933c947,bd6437f0-d5d3-4d38-a678-d2df3edf9201,2022-01-10 05:58:00.483 +0000,26b89662-af12-49fe-9d17-e745eff0db4c,TRUE,3,2022-01-10 10:43:52.237 +0000,3346af79-f2c4-4b43-b64c-ccc4e7d6dad5,3718.3052755
7b8bc146-a573-4ac8-a7d9-2ba86c5068fb,4fde2b19-bb01-47c3-9892-368975aa205b,2022-01-12 17:10:16.650 +0000,6b8698b6-10d6-4c6c-8a1a-80b1ce1f6311,TRUE,3,2022-01-12 17:34:40.933 +0000,a27846f9-a1c6-451e-a942-68ce895984ae,64.912207802
170bc527-d898-4d1f-bafa-b5b48d612578,4fde2b19-bb01-47c3-9892-368975aa205b,2022-01-12 17:08:40.397 +0000,300d44bc-0a2b-4a26-9a2b-ebe3c7a75741,TRUE,3,2022-01-13 03:20:17.847 +0000,a27846f9-a1c6-451e-a942-68ce895984ae,78.799429096
6629ecdd-d249-429c-89fb-7ff48659ba7d,e1dbfed8-2fe7-4204-aa40-304e6bf6db0b,2022-01-13 10:32:41.747 +0000,44e0c80e-d8c9-4308-9e77-dfb849533754,TRUE,3,2022-01-13 11:04:52.977 +0000,b0d83d03-d4cf-4744-99f2-317c58abfaca,453.040462912
e02fc6bd-eb44-49b3-ba0d-499880667242,bd6437f0-d5d3-4d38-a678-d2df3edf9201,2022-01-17 05:39:47.673 +0000,607e94c4-38e0-4696-95f1-29721086abab,TRUE,3,2022-01-17 06:02:23.247 +0000,3346af79-f2c4-4b43-b64c-ccc4e7d6dad5,7131.520152299
e6bfaf87-392a-467f-b26a-5f457ad6268e,bd6437f0-d5d3-4d38-a678-d2df3edf9201,2022-01-17 05:42:21.303 +0000,978807c1-074d-485a-a057-e306e6465175,TRUE,3,2022-01-17 06:02:23.330 +0000,3346af79-f2c4-4b43-b64c-ccc4e7d6dad5,4596.345711973
e3ff3922-60f6-4ac2-8d05-d4a371bb4af3,bd6437f0-d5d3-4d38-a678-d2df3edf9201,2022-01-17 05:48:24.680 +0000,1532bf9e-5707-4af5-8dcc-5fb186353759,TRUE,3,2022-01-17 06:12:25.607 +0000,3346af79-f2c4-4b43-b64c-ccc4e7d6dad5,2811.414191113
e3ff3922-60f6-4ac2-8d05-d4a371bb4af3,bd6437f0-d5d3-4d38-a678-d2df3edf9201,2022-01-17 05:53:48.753 +0000,4a98509d-ef1e-4f50-b379-3eb51067b700,TRUE,3,2022-01-17 06:12:24.373 +0000,3346af79-f2c4-4b43-b64c-ccc4e7d6dad5,665.00059948
e3ff3922-60f6-4ac2-8d05-d4a371bb4af3,bd6437f0-d5d3-4d38-a678-d2df3edf9201,2022-01-17 05:46:04.583 +0000,ffd3538e-3024-418b-920b-02e534d212a2,TRUE,3,2022-01-17 06:12:25.203 +0000,3346af79-f2c4-4b43-b64c-ccc4e7d6dad5,3975.993942955
81d7cdb1-f53f-4ecf-bcd6-c7335a58e5ee,bd6437f0-d5d3-4d38-a678-d2df3edf9201,2022-01-17 05:51:30.620 +0000,a44e773e-0cff-4453-99bb-8241f8c15cb6,TRUE,3,2022-01-17 09:17:37.030 +0000,3346af79-f2c4-4b43-b64c-ccc4e7d6dad5,121.315806958
6ee2d489-3585-42b7-a703-de13e7efaffc,e1dbfed8-2fe7-4204-aa40-304e6bf6db0b,2022-01-18 08:42:10.270 +0000,5cd12d3c-f620-4cf7-a7d1-01bdd34f5208,TRUE,3,2022-01-18 09:04:46.030 +0000,b0d83d03-d4cf-4744-99f2-317c58abfaca,471.070426572
449f046e-00da-416e-aa5d-6b2c8aba5c0c,e1dbfed8-2fe7-4204-aa40-304e6bf6db0b,2022-01-18 08:35:33.943 +0000,f327d3f2-d300-477e-8641-1ca96738c23b,TRUE,3,2022-01-18 09:05:06.357 +0000,b0d83d03-d4cf-4744-99f2-317c58abfaca,111.99901239
6f1ab3fc-26f8-47f0-99de-ddfd9a41c0ca,4fde2b19-bb01-47c3-9892-368975aa205b,2022-01-20 19:51:19.593 +0000,12de4a7a-cf05-478e-852c-211d1586b35a,TRUE,3,2022-01-21 08:52:50.857 +0000,a27846f9-a1c6-451e-a942-68ce895984ae,4.469061994
c2ae6f19-af4f-4786-bc90-afc040bfeee3,4fde2b19-bb01-47c3-9892-368975aa205b,2022-01-20 20:04:19.583 +0000,9855746d-430f-41fa-b904-8d0dee80915a,TRUE,3,2022-01-21 10:01:07.247 +0000,a27846f9-a1c6-451e-a942-68ce895984ae,65.830387674
675c3047-ae1e-4f6f-a5ab-ad27d752f2ac,e1dbfed8-2fe7-4204-aa40-304e6bf6db0b,2022-01-23 13:00:07.887 +0000,a278ec6a-4204-4001-802c-1a1cb9b1a885,TRUE,4,2022-01-24 00:00:09.537 +0000,b0d83d03-d4cf-4744-99f2-317c58abfaca,0
7b8bc146-a573-4ac8-a7d9-2ba86c5068fb,4fde2b19-bb01-47c3-9892-368975aa205b,2022-01-21 21:23:48.670 +0000,e2e9d9d1-a6fc-4232-94d7-3a893a5459b9,TRUE,3,2022-01-24 00:22:21.157 +0000,a27846f9-a1c6-451e-a942-68ce895984ae,36.222000745
170bc527-d898-4d1f-bafa-b5b48d612578,4fde2b19-bb01-47c3-9892-368975aa205b,2022-01-21 21:21:37.507 +0000,66de9ecc-582b-45a7-8119-ad67a3858e2c,TRUE,3,2022-01-24 03:20:33.503 +0000,a27846f9-a1c6-451e-a942-68ce895984ae,65.067185209
7ff02018-adf4-4454-930a-63056f6a193b,4fde2b19-bb01-47c3-9892-368975aa205b,2022-01-24 15:27:32.580 +0000,304a8ffb-c22c-4171-a81a-2c46174ddf88,TRUE,3,2022-01-24 16:44:52.800 +0000,a27846f9-a1c6-451e-a942-68ce895984ae,9894.665152792
7b8bc146-a573-4ac8-a7d9-2ba86c5068fb,4fde2b19-bb01-47c3-9892-368975aa205b,2022-01-25 17:10:06.950 +0000,7af6e360-f75e-414e-a703-053964782be1,TRUE,3,2022-01-25 17:25:02.600 +0000,a27846f9-a1c6-451e-a942-68ce895984ae,2266.696718373
fd6111c7-9ab0-459e-9c05-20a3e534e079,7bf43bd2-5be3-4958-8aa6-0f91d05c5022,2022-01-25 19:38:51.353 +0000,964c0b70-7676-4ffe-a748-c72cf9010e4a,TRUE,2,2022-01-28 08:35:03.987 +0000,c733ab66-2124-4d27-88dc-da946f2e89fd,0
7ff02018-adf4-4454-930a-63056f6a193b,4fde2b19-bb01-47c3-9892-368975aa205b,2022-01-29 03:22:43.407 +0000,2591132d-e876-4126-bd4a-8521864be00b,TRUE,3,2022-01-31 00:22:41.763 +0000,a27846f9-a1c6-451e-a942-68ce895984ae,1257.997580035
c90d8c3f-40e0-4832-9f61-4370ede8393d,bd6437f0-d5d3-4d38-a678-d2df3edf9201,2022-02-01 09:32:42.080 +0000,07d0052f-4988-4eec-80b2-b1f2ac56c2b0,TRUE,3,2022-02-01 10:05:21.987 +0000,3346af79-f2c4-4b43-b64c-ccc4e7d6dad5,3650.750881032
b8548b15-19ee-4f55-96a5-294252b951b6,4fde2b19-bb01-47c3-9892-368975aa205b,2022-02-01 16:44:33.860 +0000,2be3895d-2841-4b33-8ecc-bf067caede1d,TRUE,3,2022-02-01 16:54:58.810 +0000,a27846f9-a1c6-451e-a942-68ce895984ae,553.739614884
ce2e1e12-235c-4892-949d-efe489183613,4fde2b19-bb01-47c3-9892-368975aa205b,2022-02-01 16:21:32.023 +0000,cb5d08c5-70c9-4f28-9669-80a75f21face,TRUE,3,2022-02-01 16:44:58.647 +0000,a27846f9-a1c6-451e-a942-68ce895984ae,591.593487231
ed7b043b-33e5-4c95-9e2f-d800f92a98ef,4fde2b19-bb01-47c3-9892-368975aa205b,2022-02-01 17:14:44.273 +0000,a9a4b992-68e0-4a10-bdfb-613fed6996ac,TRUE,3,2022-02-01 17:45:00.187 +0000,a27846f9-a1c6-451e-a942-68ce895984ae,3430.022683597
7ff02018-adf4-4454-930a-63056f6a193b,4fde2b19-bb01-47c3-9892-368975aa205b,2022-02-02 23:27:36.143 +0000,cb111be1-0702-44b8-8dfa-d7db76e6fb8c,TRUE,3,2022-02-03 00:24:45.950 +0000,a27846f9-a1c6-451e-a942-68ce895984ae,5553.634624643
170bc527-d898-4d1f-bafa-b5b48d612578,4fde2b19-bb01-47c3-9892-368975aa205b,2022-02-02 18:53:56.980 +0000,5f14848a-27e0-4767-b2e4-e074632be3b0,TRUE,3,2022-02-03 03:20:23.123 +0000,a27846f9-a1c6-451e-a942-68ce895984ae,140.358286996
6629ecdd-d249-429c-89fb-7ff48659ba7d,e1dbfed8-2fe7-4204-aa40-304e6bf6db0b,2022-02-03 11:16:35.920 +0000,83c889a9-e0e5-45e0-8b27-7fa504fe40f1,TRUE,3,2022-02-03 11:44:44.843 +0000,b0d83d03-d4cf-4744-99f2-317c58abfaca,253.985122471
b68480c5-d4fe-4852-b569-895354d3b9a5,4c539af2-d038-4918-b717-f78f5490838d,2021-12-11 18:22:43.440 +0000,52031b5d-5dfe-4ab7-a267-5e316b03c4f6,TRUE,3,2021-12-15 03:35:13.950 +0000,b6951ff1-41aa-495d-8a39-72d3cd300c47,1047.663810345
d028e149-2d02-4c3a-9db7-bad18a685127,4c539af2-d038-4918-b717-f78f5490838d,2021-12-12 01:18:51.333 +0000,d2748724-c18a-451a-8d85-1cab22e01b45,TRUE,3,2021-12-15 03:35:13.890 +0000,b6951ff1-41aa-495d-8a39-72d3cd300c47,107.983964
b68480c5-d4fe-4852-b569-895354d3b9a5,4c539af2-d038-4918-b717-f78f5490838d,2021-12-11 18:01:52.150 +0000,f4dc6149-42f8-4b95-97f8-9b307012b89f,TRUE,3,2021-12-15 03:35:12.197 +0000,b6951ff1-41aa-495d-8a39-72d3cd300c47,214.828511507
9f613c10-7b43-4c2a-9c5c-facba5c9066d,7bf43bd2-5be3-4958-8aa6-0f91d05c5022,2021-12-10 18:07:34.893 +0000,7d5f1657-b1bd-4b3d-9bc0-24ae46773944,TRUE,2,2021-12-15 08:40:50.187 +0000,c733ab66-2124-4d27-88dc-da946f2e89fd,0
bb6a0241-a19d-4164-ba46-2904c6f5d2fc,bd6437f0-d5d3-4d38-a678-d2df3edf9201,2021-07-28 05:28:14.920 +0000,2d515745-dbcb-4b22-8f1e-706a60f7d129,TRUE,3,2021-07-28 11:45:13.937 +0000,3346af79-f2c4-4b43-b64c-ccc4e7d6dad5,5110.961531691
170bc527-d898-4d1f-bafa-b5b48d612578,4fde2b19-bb01-47c3-9892-368975aa205b,2021-10-11 15:50:23.267 +0000,dab462ab-8355-4537-bfbc-017490aa0e40,TRUE,3,2021-10-12 03:20:40.133 +0000,a27846f9-a1c6-451e-a942-68ce895984ae,26.03609796
4e26b98f-eaf6-4682-b856-9967173c5804,bd6437f0-d5d3-4d38-a678-d2df3edf9201,2021-06-30 08:11:54.150 +0000,ecbc26c7-b857-4363-bbbc-7942d0004cad,TRUE,3,2021-06-30 08:34:25.610 +0000,3346af79-f2c4-4b43-b64c-ccc4e7d6dad5,766.095314515
2ef35b9e-894e-4c59-8c3a-f446dd432b81,4fde2b19-bb01-47c3-9892-368975aa205b,2021-11-30 22:09:20.467 +0000,d6a67fd5-70de-4495-9fde-a706fd3dd3c6,TRUE,3,2021-12-01 00:25:01.603 +0000,a27846f9-a1c6-451e-a942-68ce895984ae,51.099326923
3cf8a7d6-8ea0-4943-9c56-f60f78461c06,e1dbfed8-2fe7-4204-aa40-304e6bf6db0b,2021-12-09 13:32:54.783 +0000,1dfe3487-f12c-40ff-8246-fed9dda66964,TRUE,3,2021-12-09 14:04:49.063 +0000,b0d83d03-d4cf-4744-99f2-317c58abfaca,416.865969829
ea11b245-e99a-4dbe-9729-da42b9b14b5b,bd6437f0-d5d3-4d38-a678-d2df3edf9201,2021-06-30 07:59:49.620 +0000,35fadd5a-7c9f-4633-bb74-b3c0e29eb3c0,TRUE,3,2021-06-30 08:34:21.913 +0000,3346af79-f2c4-4b43-b64c-ccc4e7d6dad5,1310.230427843
2fb88622-69ef-447a-908f-0775068e10df,e1dbfed8-2fe7-4204-aa40-304e6bf6db0b,2021-12-09 14:58:28.310 +0000,f060fe94-f31e-49e0-9245-13ef8c3acbad,TRUE,3,2021-12-09 15:15:00.700 +0000,b0d83d03-d4cf-4744-99f2-317c58abfaca,29.096762469
89dbd932-f0f3-4f16-96d3-c089e696cb30,e1dbfed8-2fe7-4204-aa40-304e6bf6db0b,2021-11-02 18:21:12.750 +0000,425448b5-c73d-43c6-8f87-a6f422ac5716,TRUE,3,2021-11-03 03:44:49.520 +0000,b0d83d03-d4cf-4744-99f2-317c58abfaca,73.891875608
3658db03-4119-455e-8516-f9b0c41a1447,bd6437f0-d5d3-4d38-a678-d2df3edf9201,2021-07-05 09:14:57.160 +0000,e8cd46bb-325d-4373-a64b-1618b668f842,TRUE,3,2021-07-06 16:26:54.290 +0000,3346af79-f2c4-4b43-b64c-ccc4e7d6dad5,189.90363005
047dbc7b-062a-44b9-9d91-31e7a933c947,bd6437f0-d5d3-4d38-a678-d2df3edf9201,2021-09-29 10:39:37.347 +0000,9632a302-e920-4c0a-a75b-babd9c84577b,TRUE,3,2021-09-29 11:20:19.617 +0000,3346af79-f2c4-4b43-b64c-ccc4e7d6dad5,1222.555631048
d028e149-2d02-4c3a-9db7-bad18a685127,4c539af2-d038-4918-b717-f78f5490838d,2021-10-12 23:41:58.363 +0000,ba25ec17-0275-42fb-9345-4dc3b245aa1f,TRUE,3,2021-10-15 03:34:40.247 +0000,b6951ff1-41aa-495d-8a39-72d3cd300c47,24.828847886
2f2a0d8c-1aab-41eb-a75e-be13764e7c24,7bf43bd2-5be3-4958-8aa6-0f91d05c5022,2021-05-28 23:37:26.773 +0000,34a2a896-d26f-4851-9a27-f30b17cccdaa,TRUE,3,2021-05-31 08:17:10.967 +0000,c733ab66-2124-4d27-88dc-da946f2e89fd,764.56184692
cb84c622-44a8-4d0f-940b-33e194d19b98,4c539af2-d038-4918-b717-f78f5490838d,2021-10-30 00:00:03.967 +0000,8279d413-09b7-443c-a260-c5952a9cb95f,TRUE,3,2021-11-01 00:32:26.473 +0000,b6951ff1-41aa-495d-8a39-72d3cd300c47,3119.834305203
e037fc00-f1a1-47e3-90dc-13411f47c897,bd6437f0-d5d3-4d38-a678-d2df3edf9201,2021-07-28 05:20:28.720 +0000,1d1dfdc4-b98a-493a-8d7a-0789b2cdb33b,TRUE,3,2021-07-28 10:45:06.473 +0000,3346af79-f2c4-4b43-b64c-ccc4e7d6dad5,2491.894892869
e7fe8e6b-491d-459f-a9ff-20dc66bb15b0,7bf43bd2-5be3-4958-8aa6-0f91d05c5022,2021-05-31 21:36:35.370 +0000,7d815a7a-e2ec-49e4-b4e4-94a083a4a321,TRUE,3,2021-06-01 08:16:04.633 +0000,c733ab66-2124-4d27-88dc-da946f2e89fd,413.959347135
92d0b9cb-5e50-4874-bac2-a49a13fc04bd,bd6437f0-d5d3-4d38-a678-d2df3edf9201,2021-07-28 05:23:26.200 +0000,d6669203-a50c-40e3-86be-3cfd254efd52,TRUE,3,2021-07-29 21:25:10.287 +0000,3346af79-f2c4-4b43-b64c-ccc4e7d6dad5,7315.237621435
970c3973-ca30-4433-a768-c23989f4a732,4c539af2-d038-4918-b717-f78f5490838d,2021-09-30 21:30:44.010 +0000,6f74d167-2905-450e-945d-b73c990013b0,TRUE,3,2021-10-05 03:35:05.473 +0000,b6951ff1-41aa-495d-8a39-72d3cd300c47,919.932524696
fa238bf7-06de-4144-bf1d-2babb03f174f,bd6437f0-d5d3-4d38-a678-d2df3edf9201,2021-08-25 12:19:09.297 +0000,d9e982e3-9927-44d9-bb46-821fba19359b,TRUE,3,2021-08-25 13:27:01.583 +0000,3346af79-f2c4-4b43-b64c-ccc4e7d6dad5,104.911366472
cf24cc15-3ac8-4bbf-acf0-cb91e9f7a07d,e1dbfed8-2fe7-4204-aa40-304e6bf6db0b,2021-12-06 09:57:37.480 +0000,0e77019c-0cdd-40dc-8c6a-84e96efc6e82,TRUE,3,2021-12-06 10:13:39.980 +0000,b0d83d03-d4cf-4744-99f2-317c58abfaca,1018.84654024
170bc527-d898-4d1f-bafa-b5b48d612578,4fde2b19-bb01-47c3-9892-368975aa205b,2021-10-06 19:04:35.873 +0000,16e84138-e66e-4b49-b2e6-d03a167ab91a,TRUE,3,2021-10-07 03:20:31.970 +0000,a27846f9-a1c6-451e-a942-68ce895984ae,104.80604608
783da095-9404-4581-9d0d-bb85d0b3faae,bd6437f0-d5d3-4d38-a678-d2df3edf9201,2021-08-25 11:25:47.920 +0000,5ee039a6-e477-409e-8733-09bd05989a89,TRUE,3,2021-08-25 12:15:13.267 +0000,3346af79-f2c4-4b43-b64c-ccc4e7d6dad5,10075.381878926
22639664-7afd-483a-9833-fa40a1a44bf3,bd6437f0-d5d3-4d38-a678-d2df3edf9201,2021-06-30 06:27:49.363 +0000,8a3c82b3-4f9c-4836-ba26-c1cbfe5e52e0,TRUE,3,2021-06-30 08:15:52.720 +0000,3346af79-f2c4-4b43-b64c-ccc4e7d6dad5,484.295809755
bd4510e0-b46e-4353-b8bf-8c83810b0d76,e1dbfed8-2fe7-4204-aa40-304e6bf6db0b,2021-12-02 17:17:27.633 +0000,c7641b42-b5ab-407a-bba9-3995d778117c,TRUE,3,2021-12-06 03:32:39.587 +0000,b0d83d03-d4cf-4744-99f2-317c58abfaca,18.489806576
5fc1bc2d-20c9-429c-af02-35abb73a1f0a,bd6437f0-d5d3-4d38-a678-d2df3edf9201,2021-07-12 07:49:07.033 +0000,48b793b1-4cea-4553-82e7-2b4342cee3b3,TRUE,3,2021-07-12 11:27:14.673 +0000,3346af79-f2c4-4b43-b64c-ccc4e7d6dad5,339.597575912
3ee551fb-3bf6-42d1-b2a4-84fc2390b415,4fde2b19-bb01-47c3-9892-368975aa205b,2021-12-08 19:41:59.363 +0000,5be61615-2416-4ffd-9735-54be4e525d85,TRUE,3,2021-12-09 00:25:10.317 +0000,a27846f9-a1c6-451e-a942-68ce895984ae,1556.801486787
ce2e1e12-235c-4892-949d-efe489183613,4fde2b19-bb01-47c3-9892-368975aa205b,2021-12-14 05:33:55.093 +0000,df1f27ed-f067-4b7b-a0c3-3f300b7f0fbf,TRUE,3,2021-12-14 06:05:09.920 +0000,a27846f9-a1c6-451e-a942-68ce895984ae,175.20561751
90ee76d3-a7b1-4d55-8caf-0b68646961f3,bd6437f0-d5d3-4d38-a678-d2df3edf9201,2021-07-28 05:17:09.193 +0000,fbfbc93a-4fa5-4d02-8f86-855d883d0f98,TRUE,3,2021-07-29 23:55:27.873 +0000,3346af79-f2c4-4b43-b64c-ccc4e7d6dad5,19775.394882306
e7fe8e6b-491d-459f-a9ff-20dc66bb15b0,7bf43bd2-5be3-4958-8aa6-0f91d05c5022,2021-11-01 12:32:53.323 +0000,3f80ce5e-1d53-4f9a-aa10-ac678aa21de4,TRUE,3,2021-11-01 13:15:33.967 +0000,c733ab66-2124-4d27-88dc-da946f2e89fd,94.035369754
170bc527-d898-4d1f-bafa-b5b48d612578,4fde2b19-bb01-47c3-9892-368975aa205b,2021-12-08 19:39:36.030 +0000,54735a14-6944-48a8-9799-aa995c724c55,TRUE,3,2021-12-09 03:20:23.713 +0000,a27846f9-a1c6-451e-a942-68ce895984ae,92.14620803
b0c29515-db87-49ab-98d8-15a3cf47fa80,bd6437f0-d5d3-4d38-a678-d2df3edf9201,2021-08-23 13:09:20.120 +0000,875dfba1-d63e-4005-9756-a0a8b0353a2d,TRUE,3,2021-08-24 03:34:13.257 +0000,3346af79-f2c4-4b43-b64c-ccc4e7d6dad5,764.694710938
175b8b9d-2282-4682-ac81-45e7e6d1a2b3,bd6437f0-d5d3-4d38-a678-d2df3edf9201,2021-11-18 12:21:04.223 +0000,a6145278-53f3-47ec-b7ad-b1bfb9ff8c73,TRUE,3,2021-11-18 12:44:46.033 +0000,3346af79-f2c4-4b43-b64c-ccc4e7d6dad5,15747.784781595
170bc527-d898-4d1f-bafa-b5b48d612578,4fde2b19-bb01-47c3-9892-368975aa205b,2021-11-17 21:23:51.063 +0000,e6f5e5f6-ebc7-4a10-a3f2-51934d02d81b,TRUE,3,2021-11-18 03:20:52.590 +0000,a27846f9-a1c6-451e-a942-68ce895984ae,62.379532831
88c9f881-4a73-4ba4-82ed-3e92479b5b27,e1dbfed8-2fe7-4204-aa40-304e6bf6db0b,2021-10-08 17:14:45.143 +0000,36f37dd7-3ea5-401e-a0e7-cdf31d50aae1,TRUE,3,2021-10-12 03:34:18.187 +0000,b0d83d03-d4cf-4744-99f2-317c58abfaca,218.132424212
120a8bf8-35ef-459e-9faa-3d4332d4f1d2,bd6437f0-d5d3-4d38-a678-d2df3edf9201,2021-09-13 07:35:43.790 +0000,c01e1eda-2505-4191-a1fe-bf58861fdde3,TRUE,3,2021-09-13 08:03:26.077 +0000,3346af79-f2c4-4b43-b64c-ccc4e7d6dad5,303.118704579
b4ba7df4-c839-4ce2-9b6b-064a6f4391c7,4c539af2-d038-4918-b717-f78f5490838d,2021-10-27 21:37:05.090 +0000,2fc3dfa2-184b-429f-b582-6e5cb41b9c74,TRUE,3,2021-10-28 03:35:42.437 +0000,b6951ff1-41aa-495d-8a39-72d3cd300c47,432.320782429
88c9f881-4a73-4ba4-82ed-3e92479b5b27,e1dbfed8-2fe7-4204-aa40-304e6bf6db0b,2021-11-02 18:16:16.413 +0000,d085da0b-d35c-47d5-8d6e-0e1b022da252,TRUE,3,2021-11-03 03:44:46.740 +0000,b0d83d03-d4cf-4744-99f2-317c58abfaca,5.352284374
81d016c7-fcb2-4651-9157-36539b164f82,e1dbfed8-2fe7-4204-aa40-304e6bf6db0b,2021-12-02 17:21:19.730 +0000,1f3fd33b-a9d4-4cb1-8543-fcce56763fdc,TRUE,3,2021-12-06 03:32:38.177 +0000,b0d83d03-d4cf-4744-99f2-317c58abfaca,23.713860666
e39fbf1e-c299-4604-bd60-5dce2a7deca1,bd6437f0-d5d3-4d38-a678-d2df3edf9201,2021-07-12 07:51:01.443 +0000,0586b9de-53fd-496f-ae26-af3e9cab4fcc,TRUE,3,2021-07-12 09:10:02.533 +0000,3346af79-f2c4-4b43-b64c-ccc4e7d6dad5,156.543314918
3aecadc6-61ee-4fc6-829f-b9742b57b97e,e1dbfed8-2fe7-4204-aa40-304e6bf6db0b,2021-10-08 17:10:17.053 +0000,f0591106-b733-4d0b-835f-fe4287f32c34,TRUE,3,2021-10-12 03:34:25.633 +0000,b0d83d03-d4cf-4744-99f2-317c58abfaca,0.9786845265
fe2403f5-843c-4c63-bb61-8a5b6b60ceaa,7bf43bd2-5be3-4958-8aa6-0f91d05c5022,2021-11-01 12:36:40.580 +0000,06959bfd-f4b2-42e8-93ec-58023bcaa0a2,TRUE,2,2021-12-09 10:24:20.567 +0000,c733ab66-2124-4d27-88dc-da946f2e89fd,30.460532257
4d0e4128-ddf3-4cee-9645-0ca4a9b7fca7,bd6437f0-d5d3-4d38-a678-d2df3edf9201,2021-07-06 12:57:14.647 +0000,5cc8bc12-9363-4484-a2f4-bb2bd3e44e81,TRUE,3,2021-07-07 11:54:27.620 +0000,3346af79-f2c4-4b43-b64c-ccc4e7d6dad5,994.001470501
3d7feb13-33a3-4f21-b913-cdacca5df294,e1dbfed8-2fe7-4204-aa40-304e6bf6db0b,2021-12-08 16:48:12.730 +0000,71f8f03c-79b7-4fa5-8845-31af56dff3a4,TRUE,2,2021-12-10 08:14:35.187 +0000,b0d83d03-d4cf-4744-99f2-317c58abfaca,0
9b81479f-b06c-407e-a676-a76b9c14a3b3,e1dbfed8-2fe7-4204-aa40-304e6bf6db0b,2021-10-13 13:37:41.637 +0000,359f0356-6c06-4c96-94e4-0780330c8454,TRUE,3,2021-10-14 03:34:57.383 +0000,b0d83d03-d4cf-4744-99f2-317c58abfaca,6.357633047
e7fe8e6b-491d-459f-a9ff-20dc66bb15b0,7bf43bd2-5be3-4958-8aa6-0f91d05c5022,2021-12-03 14:31:42.570 +0000,8c3d5776-4241-4c0c-a5c3-dfa14af4e6a9,TRUE,3,2021-12-03 15:15:38.803 +0000,c733ab66-2124-4d27-88dc-da946f2e89fd,197.808309106
c90d8c3f-40e0-4832-9f61-4370ede8393d,bd6437f0-d5d3-4d38-a678-d2df3edf9201,2021-10-28 06:40:53.903 +0000,1f25c3ec-59a4-4197-b3b5-a0b985617f0e,TRUE,3,2021-10-28 07:05:58.300 +0000,3346af79-f2c4-4b43-b64c-ccc4e7d6dad5,2049.933962333
915aeb42-8541-4db0-9c3a-73bad3100db9,e1dbfed8-2fe7-4204-aa40-304e6bf6db0b,2021-12-02 17:09:54.807 +0000,45f08732-cc65-4dd2-87c8-dacef19efa6e,TRUE,3,2021-12-06 03:32:32.933 +0000,b0d83d03-d4cf-4744-99f2-317c58abfaca,1.655950363
89dbd932-f0f3-4f16-96d3-c089e696cb30,e1dbfed8-2fe7-4204-aa40-304e6bf6db0b,2021-11-01 14:12:07.227 +0000,b175ec11-8ba6-4228-b52c-a6fbf128a559,TRUE,3,2021-11-02 03:35:29.773 +0000,b0d83d03-d4cf-4744-99f2-317c58abfaca,7.788833227
03fadc53-9d94-436b-92ca-56d7d856d760,bd6437f0-d5d3-4d38-a678-d2df3edf9201,2021-07-28 05:32:44.913 +0000,aa9c15b3-d942-4b08-8983-a058afbabdd3,TRUE,3,2021-07-29 19:03:52.180 +0000,3346af79-f2c4-4b43-b64c-ccc4e7d6dad5,16.815612513
81d016c7-fcb2-4651-9157-36539b164f82,e1dbfed8-2fe7-4204-aa40-304e6bf6db0b,2021-12-08 12:36:11.530 +0000,404faa76-f909-411a-bbc4-8b6a7a539941,TRUE,3,2021-12-08 13:04:53.520 +0000,b0d83d03-d4cf-4744-99f2-317c58abfaca,7.430691399
f78d7c84-c1b9-470f-8f8d-bded62ce10b1,4c539af2-d038-4918-b717-f78f5490838d,2021-11-29 18:30:32.357 +0000,ae1357b0-4ab2-445a-9c0d-8f3621b58fc6,TRUE,3,2021-12-01 11:35:03.597 +0000,b6951ff1-41aa-495d-8a39-72d3cd300c47,4000.936687214
fa238bf7-06de-4144-bf1d-2babb03f174f,bd6437f0-d5d3-4d38-a678-d2df3edf9201,2021-06-30 06:44:14.673 +0000,60e4a5fb-c6fb-4e39-b39b-de082ead2f03,TRUE,3,2021-06-30 11:40:11.160 +0000,3346af79-f2c4-4b43-b64c-ccc4e7d6dad5,218.41349851
eeb8eacb-b0ae-4a66-bc34-3fd266b70622,bd6437f0-d5d3-4d38-a678-d2df3edf9201,2021-08-22 06:46:50.830 +0000,ab4c6607-92d2-403a-8118-8081b1e4f646,TRUE,4,2021-08-23 15:15:30.177 +0000,3346af79-f2c4-4b43-b64c-ccc4e7d6dad5,0
8a04883d-583f-4d72-92fa-509b2c066840,bd6437f0-d5d3-4d38-a678-d2df3edf9201,2021-06-30 07:50:40.050 +0000,24f4044b-c66b-4aad-93da-c929443237ff,TRUE,3,2021-06-30 08:14:23.693 +0000,3346af79-f2c4-4b43-b64c-ccc4e7d6dad5,95.006413142
0b8cf544-c63e-486d-b80a-3d31c564a50e,bd6437f0-d5d3-4d38-a678-d2df3edf9201,2021-08-11 06:42:06.343 +0000,ffadb157-9dca-4e6c-a33c-56f1328c1588,TRUE,3,2021-08-11 07:04:12.893 +0000,3346af79-f2c4-4b43-b64c-ccc4e7d6dad5,9163.07345838
3aecadc6-61ee-4fc6-829f-b9742b57b97e,e1dbfed8-2fe7-4204-aa40-304e6bf6db0b,2021-12-08 12:29:41.953 +0000,d616fa0d-9b18-4902-8284-72f2caedfcbf,TRUE,3,2021-12-08 12:44:44.907 +0000,b0d83d03-d4cf-4744-99f2-317c58abfaca,3.668422858
8b835956-c53f-4953-933f-180328b2139f,bd6437f0-d5d3-4d38-a678-d2df3edf9201,2021-08-25 11:36:33.663 +0000,a35ef9e5-27aa-43f3-b43c-fe94ec9df446,TRUE,3,2021-08-25 12:04:07.180 +0000,3346af79-f2c4-4b43-b64c-ccc4e7d6dad5,486.75327219
970c3973-ca30-4433-a768-c23989f4a732,4c539af2-d038-4918-b717-f78f5490838d,2021-09-30 21:35:20.730 +0000,e9674cc8-5c07-4279-97e8-5045a6216053,TRUE,3,2021-10-05 03:35:07.370 +0000,b6951ff1-41aa-495d-8a39-72d3cd300c47,65.751924519
047dbc7b-062a-44b9-9d91-31e7a933c947,bd6437f0-d5d3-4d38-a678-d2df3edf9201,2021-11-25 06:40:34.003 +0000,81c21e5d-8c06-41c6-9987-d31ece5f038b,TRUE,3,2021-11-26 10:02:04.670 +0000,3346af79-f2c4-4b43-b64c-ccc4e7d6dad5,3177.764772686
970c3973-ca30-4433-a768-c23989f4a732,4c539af2-d038-4918-b717-f78f5490838d,2021-09-30 21:45:42.953 +0000,5b3dffba-450c-45b4-81ff-5bfc6089e502,TRUE,3,2021-10-05 03:35:06.497 +0000,b6951ff1-41aa-495d-8a39-72d3cd300c47,1543.517321381
90cc102c-3b7f-4146-93d4-6c22b50873e5,bd6437f0-d5d3-4d38-a678-d2df3edf9201,2021-08-25 11:28:44.527 +0000,0a0d29a4-d378-4c99-ab4a-482481bf803f,TRUE,3,2021-08-25 11:43:52.750 +0000,3346af79-f2c4-4b43-b64c-ccc4e7d6dad5,5970.614531674
f2cb5fba-18c7-49c9-9eae-79edf8eebfb5,7bf43bd2-5be3-4958-8aa6-0f91d05c5022,2021-11-23 21:14:22.280 +0000,e6ec5662-2563-486b-9deb-b85776365018,TRUE,3,2021-11-24 00:25:26.893 +0000,c733ab66-2124-4d27-88dc-da946f2e89fd,1249.670259426
6f713bc1-e4f3-46e6-a90a-a5c9d9e4bcbd,4fde2b19-bb01-47c3-9892-368975aa205b,2021-10-07 20:34:24.990 +0000,38779989-bec8-47aa-9bd3-c4c241e7c560,TRUE,3,2021-10-08 08:16:48.207 +0000,a27846f9-a1c6-451e-a942-68ce895984ae,352.082178916
e3ff3922-60f6-4ac2-8d05-d4a371bb4af3,bd6437f0-d5d3-4d38-a678-d2df3edf9201,2021-07-28 05:35:55.043 +0000,c06fe99b-8764-42d6-a240-5205b618f30b,TRUE,3,2021-07-29 20:14:02.203 +0000,3346af79-f2c4-4b43-b64c-ccc4e7d6dad5,7653.269827595
3c0d3743-8bd9-4921-8c9a-b09b8e0b5f3c,bd6437f0-d5d3-4d38-a678-d2df3edf9201,2021-10-05 12:06:00.100 +0000,f651f6a5-dfd6-45eb-993f-ccab7e70b3e7,TRUE,2,2021-10-14 14:11:25.507 +0000,3346af79-f2c4-4b43-b64c-ccc4e7d6dad5,0
3f02f612-18e8-479c-8d41-b9b798a5262e,bd6437f0-d5d3-4d38-a678-d2df3edf9201,2021-11-22 05:27:58.403 +0000,bac03369-2e8c-4d5d-8e5f-f7519e368a24,TRUE,3,2021-11-22 05:42:36.117 +0000,3346af79-f2c4-4b43-b64c-ccc4e7d6dad5,13.350896421
03fadc53-9d94-436b-92ca-56d7d856d760,bd6437f0-d5d3-4d38-a678-d2df3edf9201,2021-06-30 08:55:19.687 +0000,39849051-d8f6-4a02-8039-b90845cd144d,TRUE,3,2021-06-30 10:34:16.463 +0000,3346af79-f2c4-4b43-b64c-ccc4e7d6dad5,415.320156948
b0c29515-db87-49ab-98d8-15a3cf47fa80,bd6437f0-d5d3-4d38-a678-d2df3edf9201,2021-08-23 13:06:29.463 +0000,de1ad84e-71fc-4fcb-b1bf-d4f24547b770,TRUE,4,2021-08-23 13:06:41.480 +0000,3346af79-f2c4-4b43-b64c-ccc4e7d6dad5,0
047dbc7b-062a-44b9-9d91-31e7a933c947,bd6437f0-d5d3-4d38-a678-d2df3edf9201,2021-07-28 05:29:32.490 +0000,86a106d5-bf41-401d-9039-83b2e3da1a2d,TRUE,3,2021-07-28 16:37:42.767 +0000,3346af79-f2c4-4b43-b64c-ccc4e7d6dad5,1691.252067608
8b835956-c53f-4953-933f-180328b2139f,bd6437f0-d5d3-4d38-a678-d2df3edf9201,2021-11-25 06:53:25.670 +0000,513036a9-daf5-4053-9c11-13a370a7f79d,TRUE,3,2021-11-25 07:14:15.360 +0000,3346af79-f2c4-4b43-b64c-ccc4e7d6dad5,546.031496461
89dbd932-f0f3-4f16-96d3-c089e696cb30,e1dbfed8-2fe7-4204-aa40-304e6bf6db0b,2021-10-08 17:16:15.540 +0000,d8534cae-f832-4116-afc9-6355ae85dd85,TRUE,3,2021-10-12 03:34:22.030 +0000,b0d83d03-d4cf-4744-99f2-317c58abfaca,57.635651276
120a8bf8-35ef-459e-9faa-3d4332d4f1d2,bd6437f0-d5d3-4d38-a678-d2df3edf9201,2021-06-28 08:52:29.200 +0000,0663795f-6b73-487d-b760-cb4d417a5abd,TRUE,3,2021-06-28 09:13:05.987 +0000,3346af79-f2c4-4b43-b64c-ccc4e7d6dad5,224.985171869
88c9f881-4a73-4ba4-82ed-3e92479b5b27,e1dbfed8-2fe7-4204-aa40-304e6bf6db0b,2021-12-08 12:33:41.567 +0000,a4288020-c2de-4fb2-8180-3ad96af3eaa3,TRUE,3,2021-12-08 13:04:55.083 +0000,b0d83d03-d4cf-4744-99f2-317c58abfaca,2.778659125
449f046e-00da-416e-aa5d-6b2c8aba5c0c,e1dbfed8-2fe7-4204-aa40-304e6bf6db0b,2021-11-15 23:50:36.153 +0000,ff704924-b90f-4aad-bd66-d6880c05550c,TRUE,3,2021-11-16 00:25:29.453 +0000,b0d83d03-d4cf-4744-99f2-317c58abfaca,301.42423734
b68480c5-d4fe-4852-b569-895354d3b9a5,4c539af2-d038-4918-b717-f78f5490838d,2021-11-30 17:32:34.990 +0000,bf19a7f5-d359-4f99-b418-49e448f03649,TRUE,3,2021-12-01 03:34:59.223 +0000,b6951ff1-41aa-495d-8a39-72d3cd300c47,357.96275898
fa238bf7-06de-4144-bf1d-2babb03f174f,bd6437f0-d5d3-4d38-a678-d2df3edf9201,2021-11-25 06:56:00.433 +0000,71a600fc-9711-45e0-86f3-5cb0df6e7886,TRUE,3,2021-11-26 09:01:26.170 +0000,3346af79-f2c4-4b43-b64c-ccc4e7d6dad5,147.284699876
170bc527-d898-4d1f-bafa-b5b48d612578,4fde2b19-bb01-47c3-9892-368975aa205b,2021-09-01 21:08:45.573 +0000,03e98f15-840e-4d3f-af43-73e56543b2ba,TRUE,3,2021-09-02 03:20:33.690 +0000,a27846f9-a1c6-451e-a942-68ce895984ae,65.088346047
89dbd932-f0f3-4f16-96d3-c089e696cb30,e1dbfed8-2fe7-4204-aa40-304e6bf6db0b,2021-12-02 17:14:52.573 +0000,ce62af6d-c28b-4f8f-9d9b-c61992f59ff3,TRUE,3,2021-12-06 03:32:40.457 +0000,b0d83d03-d4cf-4744-99f2-317c58abfaca,153.693973149
a67cafe8-916f-49fa-abcc-540d5cba923f,4fde2b19-bb01-47c3-9892-368975aa205b,2021-11-01 23:18:04.317 +0000,4f5bc1cf-1f38-431a-8031-0c61b952847c,TRUE,3,2021-11-02 09:18:45.720 +0000,a27846f9-a1c6-451e-a942-68ce895984ae,1076.549337744
3edf3ecd-61c3-4e8e-b847-e675d3d2f821,bd6437f0-d5d3-4d38-a678-d2df3edf9201,2021-08-23 12:58:38.457 +0000,da66bb9e-0b82-4dad-8067-8a0d423e4b14,TRUE,3,2021-08-24 03:34:22.367 +0000,3346af79-f2c4-4b43-b64c-ccc4e7d6dad5,1449.89904825
22639664-7afd-483a-9833-fa40a1a44bf3,bd6437f0-d5d3-4d38-a678-d2df3edf9201,2021-09-29 10:41:34.617 +0000,24e370f7-2b4d-4690-a20c-cb13230bcc5e,TRUE,3,2021-09-29 11:15:17.437 +0000,3346af79-f2c4-4b43-b64c-ccc4e7d6dad5,154.691873528
55135105-201b-4a7a-a6e4-e9657adbf1cc,7bf43bd2-5be3-4958-8aa6-0f91d05c5022,2021-07-28 12:59:34.633 +0000,35bfc5a2-e2bf-41d5-830d-ab5b42fbb403,TRUE,3,2021-07-29 12:13:15.047 +0000,c733ab66-2124-4d27-88dc-da946f2e89fd,1.904081809
c79008d8-cd3e-4063-b775-20deb7684a12,4c539af2-d038-4918-b717-f78f5490838d,2021-10-13 19:21:42.403 +0000,1be34ca2-7919-4e8a-a611-40de7a0bf103,TRUE,3,2021-10-14 03:34:50.780 +0000,b6951ff1-41aa-495d-8a39-72d3cd300c47,45.371264727
c4c78e36-512f-4256-83ab-e77d9301cc93,4c539af2-d038-4918-b717-f78f5490838d,2021-10-05 22:32:36.183 +0000,714f0cc9-6a69-4a60-ad0e-85481d4cf9d5,TRUE,3,2021-10-07 03:34:46.490 +0000,b6951ff1-41aa-495d-8a39-72d3cd300c47,477.680820565
3a89d174-7d77-4cbd-9fdb-e145c56f73a3,bd6437f0-d5d3-4d38-a678-d2df3edf9201,2021-06-30 08:36:41.973 +0000,7e5bd244-59f7-41e1-bd99-e69f776ad5e0,TRUE,3,2021-06-30 12:25:02.147 +0000,3346af79-f2c4-4b43-b64c-ccc4e7d6dad5,49.244877305
fd6111c7-9ab0-459e-9c05-20a3e534e079,7bf43bd2-5be3-4958-8aa6-0f91d05c5022,2021-12-03 14:07:30.620 +0000,d2d973b3-5c29-49e3-bfa4-514233cbca25,TRUE,2,2021-12-07 08:49:32.150 +0000,c733ab66-2124-4d27-88dc-da946f2e89fd,0
783da095-9404-4581-9d0d-bb85d0b3faae,bd6437f0-d5d3-4d38-a678-d2df3edf9201,2021-11-25 06:38:16.687 +0000,eb5b5644-3994-4eb7-85c4-a3d5bd23adee,TRUE,3,2021-11-25 09:17:09.287 +0000,3346af79-f2c4-4b43-b64c-ccc4e7d6dad5,6834.0950328
a22f395c-65d8-4172-b1fa-1a662d033860,bd6437f0-d5d3-4d38-a678-d2df3edf9201,2021-06-30 06:48:55.690 +0000,6b3ea179-8b3d-4595-a568-16c24afad66f,TRUE,3,2021-06-30 08:17:43.377 +0000,3346af79-f2c4-4b43-b64c-ccc4e7d6dad5,7633.779572275
2f2a0d8c-1aab-41eb-a75e-be13764e7c24,7bf43bd2-5be3-4958-8aa6-0f91d05c5022,2021-10-13 19:53:17.343 +0000,0eb1cc6a-7aed-406a-ba2b-c179e61a694a,TRUE,3,2021-10-14 08:17:31.207 +0000,c733ab66-2124-4d27-88dc-da946f2e89fd,472.843717145
7b8bc146-a573-4ac8-a7d9-2ba86c5068fb,4fde2b19-bb01-47c3-9892-368975aa205b,2021-12-14 05:36:12.893 +0000,3a3fe9f0-7967-47f8-ad98-c9f76e02c5b2,TRUE,3,2021-12-14 06:05:10.083 +0000,a27846f9-a1c6-451e-a942-68ce895984ae,99.533870606
0b3fd461-1bac-4fec-bda0-b82ed3dc7136,e1dbfed8-2fe7-4204-aa40-304e6bf6db0b,2021-12-09 14:50:16.667 +0000,40c002fa-df0d-4219-b4d7-d9bb2fbef41d,TRUE,3,2021-12-09 15:15:00.727 +0000,b0d83d03-d4cf-4744-99f2-317c58abfaca,1306.601100536
7b8bc146-a573-4ac8-a7d9-2ba86c5068fb,4fde2b19-bb01-47c3-9892-368975aa205b,2021-11-12 13:21:10.587 +0000,dcefe534-121d-41d5-96c3-358ae1917758,TRUE,3,2021-11-12 13:45:08.673 +0000,a27846f9-a1c6-451e-a942-68ce895984ae,10.78742678
b68480c5-d4fe-4852-b569-895354d3b9a5,4c539af2-d038-4918-b717-f78f5490838d,2021-10-29 23:34:06.083 +0000,119e7319-4b1e-44cf-bdb6-37245e7731d3,TRUE,3,2021-11-03 03:44:55.913 +0000,b6951ff1-41aa-495d-8a39-72d3cd300c47,1527.955070416
2d4268cc-2947-4e5b-bf25-22bdd4f5b000,4c539af2-d038-4918-b717-f78f5490838d,2021-10-05 22:21:08.283 +0000,85450bf0-6a61-47d1-8aff-177deb466493,TRUE,3,2021-10-07 03:34:46.470 +0000,b6951ff1-41aa-495d-8a39-72d3cd300c47,748.94296331
cb79ec56-9113-477b-b617-c92b10645198,e1dbfed8-2fe7-4204-aa40-304e6bf6db0b,2021-09-16 13:45:33.123 +0000,2ba5df9f-e05e-4051-9987-ebf5729f1c47,TRUE,3,2021-09-20 03:32:17.657 +0000,b0d83d03-d4cf-4744-99f2-317c58abfaca,83.295117337
3c441d30-2838-410f-b53e-3aa1397a7ec0,bd6437f0-d5d3-4d38-a678-d2df3edf9201,2021-06-30 06:57:24.687 +0000,f3e1aa60-2d02-48b2-8865-4b94e3fe7809,TRUE,3,2021-06-30 07:05:17.283 +0000,3346af79-f2c4-4b43-b64c-ccc4e7d6dad5,30468.91903562
eeb8eacb-b0ae-4a66-bc34-3fd266b70622,bd6437f0-d5d3-4d38-a678-d2df3edf9201,2021-08-23 13:12:37.190 +0000,f0dd253c-0843-45a0-a740-1a2a81f542c2,TRUE,3,2021-08-24 03:34:13.193 +0000,3346af79-f2c4-4b43-b64c-ccc4e7d6dad5,2461.046988059
d519abed-fbf2-4ae6-8379-b4b6b9cb4d92,bd6437f0-d5d3-4d38-a678-d2df3edf9201,2021-07-05 09:21:25.693 +0000,39556967-d33f-4e3d-8ac3-714d1ca8680c,TRUE,3,2021-07-06 10:50:15.407 +0000,3346af79-f2c4-4b43-b64c-ccc4e7d6dad5,434.489831974
fd1559e4-a08e-4f52-afd7-bc2553f039c7,bd6437f0-d5d3-4d38-a678-d2df3edf9201,2021-07-05 09:17:59.707 +0000,27c1b546-563f-427f-8e5b-c1f43717318a,TRUE,3,2021-07-06 10:29:10.297 +0000,3346af79-f2c4-4b43-b64c-ccc4e7d6dad5,17.388447566
89dbd932-f0f3-4f16-96d3-c089e696cb30,e1dbfed8-2fe7-4204-aa40-304e6bf6db0b,2021-11-04 14:06:01.140 +0000,f29904fe-618b-4f09-ab96-4b6608318c90,TRUE,3,2021-11-08 03:32:31.340 +0000,b0d83d03-d4cf-4744-99f2-317c58abfaca,6.454105945
9d3eeaac-9268-41a6-ac83-50edfe6f3866,e1dbfed8-2fe7-4204-aa40-304e6bf6db0b,2021-08-04 17:47:33.513 +0000,1bce332b-0961-4da1-b9ef-f973fb94e455,TRUE,3,2021-08-05 03:34:03.837 +0000,b0d83d03-d4cf-4744-99f2-317c58abfaca,16.501705424
10e9ce6e-5a21-49d2-ad1e-077648f58af8,e1dbfed8-2fe7-4204-aa40-304e6bf6db0b,2021-12-02 17:16:19.037 +0000,4268b739-c2d9-4fde-8f85-1d99bf14b102,TRUE,3,2021-12-06 03:32:33.807 +0000,b0d83d03-d4cf-4744-99f2-317c58abfaca,3.118627013
10e9ce6e-5a21-49d2-ad1e-077648f58af8,e1dbfed8-2fe7-4204-aa40-304e6bf6db0b,2021-12-08 12:24:10.087 +0000,678010c1-7517-4bb5-b321-ec1b55815ec7,TRUE,3,2021-12-08 12:44:44.767 +0000,b0d83d03-d4cf-4744-99f2-317c58abfaca,4.361473788
b3c57624-0290-4010-9206-a01631601fc6,bd6437f0-d5d3-4d38-a678-d2df3edf9201,2021-08-23 13:16:49.490 +0000,fbfbcf26-3ecb-4a5d-bdae-6799691bc3a2,TRUE,4,2021-08-23 13:16:59.620 +0000,3346af79-f2c4-4b43-b64c-ccc4e7d6dad5,0
52221e69-0e30-4799-92bf-823e04162f22,bd6437f0-d5d3-4d38-a678-d2df3edf9201,2021-09-29 10:47:00.990 +0000,2d28f9d2-57f5-411c-9813-11500edd06c0,TRUE,3,2021-09-29 11:14:53.727 +0000,3346af79-f2c4-4b43-b64c-ccc4e7d6dad5,170.987027268
2f2a0d8c-1aab-41eb-a75e-be13764e7c24,7bf43bd2-5be3-4958-8aa6-0f91d05c5022,2021-11-17 19:25:29.353 +0000,bebffbcc-3edb-4df0-93dc-fccd4d0566f4,TRUE,3,2021-11-18 09:17:24.123 +0000,c733ab66-2124-4d27-88dc-da946f2e89fd,314.877740185
120a8bf8-35ef-459e-9faa-3d4332d4f1d2,bd6437f0-d5d3-4d38-a678-d2df3edf9201,2021-07-06 12:52:52.343 +0000,898cd97a-e577-4ed7-b08b-c99f2b17e3c6,TRUE,3,2021-07-07 13:21:43.600 +0000,3346af79-f2c4-4b43-b64c-ccc4e7d6dad5,53.961942368
04c00079-4284-4a48-b959-c542296383d0,bd6437f0-d5d3-4d38-a678-d2df3edf9201,2021-08-25 11:34:24.630 +0000,20c3b5aa-3cde-4c05-9348-ef182d82e232,TRUE,3,2021-08-25 12:04:10.917 +0000,3346af79-f2c4-4b43-b64c-ccc4e7d6dad5,9.879245624
88c9f881-4a73-4ba4-82ed-3e92479b5b27,e1dbfed8-2fe7-4204-aa40-304e6bf6db0b,2021-09-16 13:47:36.410 +0000,0ec751e4-b645-45cb-b2c1-e03359049e6a,TRUE,3,2021-09-20 03:32:17.157 +0000,b0d83d03-d4cf-4744-99f2-317c58abfaca,36.970287061
2f2a0d8c-1aab-41eb-a75e-be13764e7c24,7bf43bd2-5be3-4958-8aa6-0f91d05c5022,2021-07-08 20:55:55.270 +0000,62a78a0a-1c0a-4b74-be72-3cb5c7065e17,TRUE,3,2021-07-09 12:14:25.050 +0000,c733ab66-2124-4d27-88dc-da946f2e89fd,0.914739674
f65452ba-0c66-494b-9b6a-7948f0ff5fbf,e1dbfed8-2fe7-4204-aa40-304e6bf6db0b,2021-11-02 18:18:52.477 +0000,f4ef6bf9-39c0-4eb0-a5cf-5916360c058a,TRUE,3,2021-11-03 03:44:48.130 +0000,b0d83d03-d4cf-4744-99f2-317c58abfaca,0.7804213835
a6594bfa-b888-4291-b7f7-51b639b81b54,bd6437f0-d5d3-4d38-a678-d2df3edf9201,2021-06-30 07:11:38.397 +0000,f71d541b-077d-43f9-96ea-de03f798b2f3,TRUE,3,2021-06-30 07:34:19.417 +0000,3346af79-f2c4-4b43-b64c-ccc4e7d6dad5,1.46172499
fe2403f5-843c-4c63-bb61-8a5b6b60ceaa,7bf43bd2-5be3-4958-8aa6-0f91d05c5022,2021-11-01 12:36:40.580 +0000,6bc0a79b-8f68-46b6-8ae6-72cd3c8a457c,TRUE,3,2021-11-01 13:04:44.010 +0000,c733ab66-2124-4d27-88dc-da946f2e89fd,470.269971386
2f2a0d8c-1aab-41eb-a75e-be13764e7c24,7bf43bd2-5be3-4958-8aa6-0f91d05c5022,2021-11-28 03:42:29.603 +0000,ec59553c-188b-40f0-9c02-fcbe0da3634a,TRUE,2,2021-12-01 08:29:56.557 +0000,c733ab66-2124-4d27-88dc-da946f2e89fd,9486.278195609
2f2a0d8c-1aab-41eb-a75e-be13764e7c24,7bf43bd2-5be3-4958-8aa6-0f91d05c5022,2021-09-26 00:19:06.853 +0000,0055de26-b911-4765-b3fd-6834d8d39147,TRUE,3,2021-09-27 08:18:49.957 +0000,c733ab66-2124-4d27-88dc-da946f2e89fd,36.308485858
8de5b57e-83ba-44e2-8e23-bf2a0130105c,bd6437f0-d5d3-4d38-a678-d2df3edf9201,2021-06-30 08:46:51.663 +0000,6e861fb6-cbd9-448f-81a6-5453b28aaaea,TRUE,3,2021-06-30 11:59:07.313 +0000,3346af79-f2c4-4b43-b64c-ccc4e7d6dad5,52.972790739
a22f395c-65d8-4172-b1fa-1a662d033860,bd6437f0-d5d3-4d38-a678-d2df3edf9201,2021-09-29 10:37:57.303 +0000,1fea4935-bca8-42e3-ae07-817e2bad6140,TRUE,3,2021-09-29 11:15:19.237 +0000,3346af79-f2c4-4b43-b64c-ccc4e7d6dad5,3450.31065085
ad4cdf1d-5ecb-4a91-9f39-394bf33d50de,bd6437f0-d5d3-4d38-a678-d2df3edf9201,2021-08-11 06:35:36.577 +0000,38382d6d-f3bc-4e8a-b3f1-704fa040e67b,TRUE,3,2021-08-11 07:04:13.870 +0000,3346af79-f2c4-4b43-b64c-ccc4e7d6dad5,37308.925723906
66120d59-23c1-46de-832f-48dddcdc1875,bd6437f0-d5d3-4d38-a678-d2df3edf9201,2021-07-12 07:34:16.380 +0000,f03481da-5f2f-423d-8341-d8b79d590a39,TRUE,1,2021-07-12 07:34:16.380 +0000,3346af79-f2c4-4b43-b64c-ccc4e7d6dad5,1063.668240547
03fadc53-9d94-436b-92ca-56d7d856d760,bd6437f0-d5d3-4d38-a678-d2df3edf9201,2021-11-25 06:36:19.453 +0000,4e837be1-61d7-42c6-8687-a859ccc57236,TRUE,3,2021-11-25 07:04:13.673 +0000,3346af79-f2c4-4b43-b64c-ccc4e7d6dad5,5087.416004349
8b835956-c53f-4953-933f-180328b2139f,bd6437f0-d5d3-4d38-a678-d2df3edf9201,2021-07-28 05:31:02.777 +0000,be7d2f5e-a3a1-4f05-9ea9-2d30e22a7116,TRUE,3,2021-07-29 20:07:59.567 +0000,3346af79-f2c4-4b43-b64c-ccc4e7d6dad5,348.045531656
120a8bf8-35ef-459e-9faa-3d4332d4f1d2,bd6437f0-d5d3-4d38-a678-d2df3edf9201,2021-08-01 11:25:17.540 +0000,88584026-65b0-46f3-babe-33cf2a2f4b88,TRUE,3,2021-08-02 00:22:14.687 +0000,3346af79-f2c4-4b43-b64c-ccc4e7d6dad5,1432.267121417
aee3be86-9215-41ef-a648-fb3bacfed51e,e1dbfed8-2fe7-4204-aa40-304e6bf6db0b,2021-09-16 14:08:35.917 +0000,bdae2026-9287-446a-82ed-6e63f099da8c,TRUE,3,2021-09-20 03:32:24.937 +0000,b0d83d03-d4cf-4744-99f2-317c58abfaca,14.258817542
8b835956-c53f-4953-933f-180328b2139f,bd6437f0-d5d3-4d38-a678-d2df3edf9201,2021-06-30 06:32:58.690 +0000,33878407-77f8-411c-a125-5cf654a61cbc,TRUE,3,2021-06-30 07:04:19.020 +0000,3346af79-f2c4-4b43-b64c-ccc4e7d6dad5,108.518987237
f531e91c-64ea-4781-8fae-be2416749c67,4c539af2-d038-4918-b717-f78f5490838d,2021-09-29 16:25:33.140 +0000,b293b66d-b72f-4266-a3b5-fc8e06d48215,TRUE,3,2021-09-30 03:34:57.163 +0000,b6951ff1-41aa-495d-8a39-72d3cd300c47,45.847545275
fc2188d8-fd75-40d8-ba0d-d4172fedaef4,bd6437f0-d5d3-4d38-a678-d2df3edf9201,2021-06-30 08:49:30.330 +0000,a0bdf31c-060d-452e-985b-f222447c24ed,TRUE,3,2021-06-30 13:23:54.673 +0000,3346af79-f2c4-4b43-b64c-ccc4e7d6dad5,615.920345888
2f2a0d8c-1aab-41eb-a75e-be13764e7c24,7bf43bd2-5be3-4958-8aa6-0f91d05c5022,2021-06-14 17:12:20.837 +0000,b0da1874-2e1c-4cca-8546-93320e3647e3,TRUE,3,2021-06-15 08:16:55.997 +0000,c733ab66-2124-4d27-88dc-da946f2e89fd,42.907994541
22639664-7afd-483a-9833-fa40a1a44bf3,bd6437f0-d5d3-4d38-a678-d2df3edf9201,2021-07-28 05:12:15.253 +0000,7df467f4-f1a1-44d7-a8db-940fadaa2d12,TRUE,3,2021-07-28 16:08:39.690 +0000,3346af79-f2c4-4b43-b64c-ccc4e7d6dad5,427.607557159
2f2a0d8c-1aab-41eb-a75e-be13764e7c24,7bf43bd2-5be3-4958-8aa6-0f91d05c5022,2021-11-28 03:42:29.603 +0000,81350c9c-1b39-4edb-a27f-cc518ba94c18,TRUE,3,2021-11-29 09:22:12.657 +0000,c733ab66-2124-4d27-88dc-da946f2e89fd,4810.673164107
d028e149-2d02-4c3a-9db7-bad18a685127,4c539af2-d038-4918-b717-f78f5490838d,2021-11-23 00:58:01.423 +0000,79192487-5ca5-43f1-9a15-b4b9735512a4,TRUE,3,2021-11-23 01:15:12.357 +0000,b6951ff1-41aa-495d-8a39-72d3cd300c47,70.155811212
08fdf876-a85a-46cd-ae2d-43ec27310baa,e1dbfed8-2fe7-4204-aa40-304e6bf6db0b,2021-10-25 16:55:22.497 +0000,e3d96478-8048-48d9-b198-1c5ec4334370,TRUE,3,2021-10-26 03:34:57.890 +0000,b0d83d03-d4cf-4744-99f2-317c58abfaca,68.690736139
170bc527-d898-4d1f-bafa-b5b48d612578,4fde2b19-bb01-47c3-9892-368975aa205b,2021-12-14 05:30:16.877 +0000,bf055487-4f17-48d9-a67b-e10af9b18d06,TRUE,3,2021-12-14 05:50:09.297 +0000,a27846f9-a1c6-451e-a942-68ce895984ae,145.632389562
bd4510e0-b46e-4353-b8bf-8c83810b0d76,e1dbfed8-2fe7-4204-aa40-304e6bf6db0b,2021-12-08 12:37:27.913 +0000,5ceca6ae-93a8-4ec2-9aaf-159e29452608,TRUE,3,2021-12-08 13:04:53.973 +0000,b0d83d03-d4cf-4744-99f2-317c58abfaca,1.00845671
66853a3a-d2c1-4773-912a-064b021b18f0,e1dbfed8-2fe7-4204-aa40-304e6bf6db0b,2021-12-08 12:31:00.377 +0000,77dfbbca-2259-4ed1-a877-2787c2324223,TRUE,3,2021-12-08 13:04:54.973 +0000,b0d83d03-d4cf-4744-99f2-317c58abfaca,4.817663413
2f2a0d8c-1aab-41eb-a75e-be13764e7c24,7bf43bd2-5be3-4958-8aa6-0f91d05c5022,2021-08-27 04:19:39.717 +0000,025eaf23-0ec6-44c3-b3d7-114e4f945fa5,TRUE,3,2021-08-27 08:16:25.437 +0000,c733ab66-2124-4d27-88dc-da946f2e89fd,3001.3020204
e19dbc7b-eed8-42f1-80b0-82791112f567,4fde2b19-bb01-47c3-9892-368975aa205b,2021-10-11 17:17:16.083 +0000,258f63f2-f060-4554-90b9-6590f29ee06d,TRUE,3,2021-10-12 08:01:19.200 +0000,a27846f9-a1c6-451e-a942-68ce895984ae,1271.948780639
b68480c5-d4fe-4852-b569-895354d3b9a5,4c539af2-d038-4918-b717-f78f5490838d,2021-10-13 19:41:00.223 +0000,23def18f-0431-4842-84bd-4ab840c5edee,TRUE,3,2021-10-14 03:34:50.280 +0000,b6951ff1-41aa-495d-8a39-72d3cd300c47,1745.232428358
ba0e48cb-361a-47d9-a4ed-48773b007c74,bd6437f0-d5d3-4d38-a678-d2df3edf9201,2021-08-11 06:58:11.830 +0000,5250a691-6e49-4ab6-8ece-a7ea1cbb3352,TRUE,3,2021-08-11 07:15:20.697 +0000,3346af79-f2c4-4b43-b64c-ccc4e7d6dad5,3692.187360092
66853a3a-d2c1-4773-912a-064b021b18f0,e1dbfed8-2fe7-4204-aa40-304e6bf6db0b,2021-12-02 17:08:40.243 +0000,4f828ec6-bd39-46b0-87f5-7e4794d7e76c,TRUE,3,2021-12-06 03:32:38.443 +0000,b0d83d03-d4cf-4744-99f2-317c58abfaca,23.765292512
2f2a0d8c-1aab-41eb-a75e-be13764e7c24,7bf43bd2-5be3-4958-8aa6-0f91d05c5022,2021-10-13 19:50:38.643 +0000,726f3f7c-b1d8-4258-9634-6e677c9bc646,TRUE,3,2021-10-14 08:16:27.950 +0000,c733ab66-2124-4d27-88dc-da946f2e89fd,91.384267561
a0f0f036-0a87-4404-9dff-6081813ed18f,4fde2b19-bb01-47c3-9892-368975aa205b,2021-10-06 20:06:10.560 +0000,a4fe8076-c7ea-4433-8384-10abb1ba13c0,TRUE,3,2021-10-07 08:04:01.843 +0000,a27846f9-a1c6-451e-a942-68ce895984ae,415.696048989
449f046e-00da-416e-aa5d-6b2c8aba5c0c,e1dbfed8-2fe7-4204-aa40-304e6bf6db0b,2021-12-01 16:47:16.300 +0000,94953ca0-0f2f-4199-b054-f7be513178ff,TRUE,3,2021-12-01 17:15:02.183 +0000,b0d83d03-d4cf-4744-99f2-317c58abfaca,500.869160692
c3c0a396-0d5e-4743-b577-4036cfcf8936,bd6437f0-d5d3-4d38-a678-d2df3edf9201,2021-06-30 08:09:20.887 +0000,ba6a8bd2-0591-451e-a877-811d16bf90e3,TRUE,3,2021-06-30 08:34:26.210 +0000,3346af79-f2c4-4b43-b64c-ccc4e7d6dad5,368.555039078
1f931781-d8df-467c-b52e-763a46141fb6,e1dbfed8-2fe7-4204-aa40-304e6bf6db0b,2021-11-02 18:15:01.447 +0000,7975f4af-9d64-4fcc-9cc8-bdd0c4f428dc,TRUE,3,2021-11-03 03:44:48.003 +0000,b0d83d03-d4cf-4744-99f2-317c58abfaca,20.251098529
af67f0b2-275e-4153-a351-78e1641e17c3,7bf43bd2-5be3-4958-8aa6-0f91d05c5022,2021-11-23 21:08:43.573 +0000,73e7db21-e7ae-48bb-8950-d31565ac134e,TRUE,3,2021-11-24 00:25:29.677 +0000,c733ab66-2124-4d27-88dc-da946f2e89fd,88.158872228
2f2a0d8c-1aab-41eb-a75e-be13764e7c24,7bf43bd2-5be3-4958-8aa6-0f91d05c5022,2021-06-26 12:46:09.873 +0000,45e26eea-7564-49de-a928-a905e5cac49a,TRUE,3,2021-06-28 08:18:04.577 +0000,c733ab66-2124-4d27-88dc-da946f2e89fd,47.984999915
b0c29515-db87-49ab-98d8-15a3cf47fa80,bd6437f0-d5d3-4d38-a678-d2df3edf9201,2021-08-23 13:05:13.607 +0000,36202fe2-b24e-43a5-8115-b1aa7900cd5c,TRUE,4,2021-08-23 13:05:24.077 +0000,3346af79-f2c4-4b43-b64c-ccc4e7d6dad5,0
89dbd932-f0f3-4f16-96d3-c089e696cb30,e1dbfed8-2fe7-4204-aa40-304e6bf6db0b,2021-12-08 12:34:48.613 +0000,ef613bfa-7bf6-4ba9-a463-a63b619a84f5,TRUE,3,2021-12-08 13:04:55.050 +0000,b0d83d03-d4cf-4744-99f2-317c58abfaca,5.951253602
3ee551fb-3bf6-42d1-b2a4-84fc2390b415,4fde2b19-bb01-47c3-9892-368975aa205b,2021-11-17 21:12:21.397 +0000,57f68f08-2120-42cd-8f30-f62a2383df88,TRUE,3,2021-11-18 14:34:56.090 +0000,a27846f9-a1c6-451e-a942-68ce895984ae,5807.220318391
2305dd84-a699-4d38-968f-1e764b4afad2,e1dbfed8-2fe7-4204-aa40-304e6bf6db0b,2021-10-25 12:09:55.020 +0000,12d0fbd1-ec78-452f-bc6c-7f6646650e57,TRUE,3,2021-10-26 03:35:05.120 +0000,b0d83d03-d4cf-4744-99f2-317c58abfaca,325.7453009
03fadc53-9d94-436b-92ca-56d7d856d760,bd6437f0-d5d3-4d38-a678-d2df3edf9201,2021-08-25 11:31:05.290 +0000,dcd0da31-78d7-4295-92b3-3dc5e4077444,TRUE,3,2021-08-25 12:04:10.770 +0000,3346af79-f2c4-4b43-b64c-ccc4e7d6dad5,4420.166229978
9e08f56e-61b7-43eb-ada9-421a0fccc52d,bd6437f0-d5d3-4d38-a678-d2df3edf9201,2021-11-22 05:22:27.943 +0000,1176983e-ac46-465a-99bd-38bdbbc5d9cf,TRUE,3,2021-11-22 05:42:36.053 +0000,3346af79-f2c4-4b43-b64c-ccc4e7d6dad5,492.745201737
7982acd6-1c53-49f4-939f-5673a351fb23,bd6437f0-d5d3-4d38-a678-d2df3edf9201,2021-06-30 08:38:55.573 +0000,2b1658c7-7094-4e9c-877a-4860863b76ea,TRUE,3,2021-06-30 10:14:35.787 +0000,3346af79-f2c4-4b43-b64c-ccc4e7d6dad5,567.016762999
2f2a0d8c-1aab-41eb-a75e-be13764e7c24,7bf43bd2-5be3-4958-8aa6-0f91d05c5022,2021-07-28 21:58:51.433 +0000,932ffae4-33da-4f76-b4ef-4c03a01f86f7,TRUE,3,2021-07-29 17:29:43.797 +0000,c733ab66-2124-4d27-88dc-da946f2e89fd,1464.862566511
22639664-7afd-483a-9833-fa40a1a44bf3,bd6437f0-d5d3-4d38-a678-d2df3edf9201,2021-11-25 06:51:59.273 +0000,522a6ffe-d4e0-4892-9d08-8b80a1757410,TRUE,3,2021-11-25 09:17:05.910 +0000,3346af79-f2c4-4b43-b64c-ccc4e7d6dad5,203.667698287
b413099a-938b-4c4c-993a-e1a4f0f012ab,bd6437f0-d5d3-4d38-a678-d2df3edf9201,2021-11-18 12:16:48.237 +0000,7ac78720-c663-49b0-b7b5-5423b055d914,TRUE,3,2021-11-18 12:44:48.637 +0000,3346af79-f2c4-4b43-b64c-ccc4e7d6dad5,27.970219451
2212a630-d803-4666-b5bf-16ed5ccc9261,bd6437f0-d5d3-4d38-a678-d2df3edf9201,2021-08-25 12:22:43.340 +0000,28cba193-b553-4143-bf37-e9c4efc00943,TRUE,3,2021-08-26 03:34:01.523 +0000,3346af79-f2c4-4b43-b64c-ccc4e7d6dad5,472.924435253
970c3973-ca30-4433-a768-c23989f4a732,4c539af2-d038-4918-b717-f78f5490838d,2021-09-30 21:40:11.733 +0000,b55805c8-75bb-4f77-9c2f-6c4c712e1db5,TRUE,3,2021-10-05 03:35:03.370 +0000,b6951ff1-41aa-495d-8a39-72d3cd300c47,1007.687924798
88c9f881-4a73-4ba4-82ed-3e92479b5b27,e1dbfed8-2fe7-4204-aa40-304e6bf6db0b,2021-12-02 17:12:22.543 +0000,98daae03-b518-416f-b5a3-d01ea10ef7d2,TRUE,3,2021-12-06 03:32:30.827 +0000,b0d83d03-d4cf-4744-99f2-317c58abfaca,374.445398464
7ff02018-adf4-4454-930a-63056f6a193b,4fde2b19-bb01-47c3-9892-368975aa205b,2021-12-02 18:02:27.153 +0000,b6fd13ed-dee2-453f-8bdf-b2b6fff617a9,TRUE,3,2021-12-03 00:25:51.223 +0000,a27846f9-a1c6-451e-a942-68ce895984ae,6572.918429931
550089dd-e790-4ade-8b2a-9d0ab208feb9,4fde2b19-bb01-47c3-9892-368975aa205b,2021-10-06 18:21:40.853 +0000,d66c7417-1ea3-4274-ba86-6444de813661,TRUE,3,2021-10-06 23:14:48.230 +0000,a27846f9-a1c6-451e-a942-68ce895984ae,421.084931014
9d3eeaac-9268-41a6-ac83-50edfe6f3866,e1dbfed8-2fe7-4204-aa40-304e6bf6db0b,2021-07-22 13:45:43.960 +0000,a1cd4781-971a-4efd-b720-3963b05c04ec,TRUE,1,2021-07-22 13:45:43.960 +0000,b0d83d03-d4cf-4744-99f2-317c58abfaca,29.675266373
170bc527-d898-4d1f-bafa-b5b48d612578,4fde2b19-bb01-47c3-9892-368975aa205b,2021-07-16 19:48:51.973 +0000,ab58e064-5ed3-4735-8bc9-098eaa5deee8,TRUE,1,2021-07-16 19:48:51.973 +0000,a27846f9-a1c6-451e-a942-68ce895984ae,339.040351056
970c3973-ca30-4433-a768-c23989f4a732,4c539af2-d038-4918-b717-f78f5490838d,2021-09-30 21:50:43.963 +0000,32871820-bce1-498b-a6f9-288354702f4c,TRUE,3,2021-10-06 03:35:20.137 +0000,b6951ff1-41aa-495d-8a39-72d3cd300c47,1952.680885319
ce2e1e12-235c-4892-949d-efe489183613,4fde2b19-bb01-47c3-9892-368975aa205b,2021-11-05 21:46:04.310 +0000,0e24d7c4-b1c0-4b96-80bf-a66dc580f4b5,TRUE,3,2021-11-08 00:22:32.993 +0000,a27846f9-a1c6-451e-a942-68ce895984ae,358.599622202
c85721e6-29c9-4eee-a837-84618d4e144f,bd6437f0-d5d3-4d38-a678-d2df3edf9201,2021-11-25 12:34:34.507 +0000,eb072be6-4a5e-43ad-a4ee-4210010538df,TRUE,3,2021-11-25 16:13:51.830 +0000,3346af79-f2c4-4b43-b64c-ccc4e7d6dad5,1756.07147541
047dbc7b-062a-44b9-9d91-31e7a933c947,bd6437f0-d5d3-4d38-a678-d2df3edf9201,2021-06-30 06:38:12.620 +0000,2e013956-f612-4ea5-929f-58e663d9e231,TRUE,3,2021-06-30 11:40:31.217 +0000,3346af79-f2c4-4b43-b64c-ccc4e7d6dad5,1685.740696332
03fadc53-9d94-436b-92ca-56d7d856d760,bd6437f0-d5d3-4d38-a678-d2df3edf9201,2021-11-25 06:33:48.767 +0000,be5b2deb-81bf-46f4-b184-724b8a7f9fdc,TRUE,3,2021-11-25 07:04:14.507 +0000,3346af79-f2c4-4b43-b64c-ccc4e7d6dad5,10253.60110997
00770bc9-9c00-4a88-8e6e-c6f7bda6613a,e1dbfed8-2fe7-4204-aa40-304e6bf6db0b,2021-07-22 13:43:00.327 +0000,9a35d058-7566-4bd8-b038-0874d1b64085,TRUE,1,2021-07-22 13:43:00.327 +0000,b0d83d03-d4cf-4744-99f2-317c58abfaca,6.432086443
88c9f881-4a73-4ba4-82ed-3e92479b5b27,e1dbfed8-2fe7-4204-aa40-304e6bf6db0b,2021-08-04 17:45:54.667 +0000,d8066817-787e-4bad-9fe6-d96b7a8dc988,TRUE,3,2021-08-05 03:33:58.257 +0000,b0d83d03-d4cf-4744-99f2-317c58abfaca,17.085071945
be2d411e-c61e-42df-97f8-eafcac263e39,bd6437f0-d5d3-4d38-a678-d2df3edf9201,2021-08-18 13:40:20.470 +0000,bde71d21-812c-44db-8e9f-1d3467e7c366,TRUE,3,2021-08-23 03:32:17.513 +0000,3346af79-f2c4-4b43-b64c-ccc4e7d6dad5,7766.453962326
3aecadc6-61ee-4fc6-829f-b9742b57b97e,e1dbfed8-2fe7-4204-aa40-304e6bf6db0b,2021-12-02 17:06:58.957 +0000,3b296b63-3c23-481d-aa4a-b14aa748065c,TRUE,3,2021-12-06 03:32:36.903 +0000,b0d83d03-d4cf-4744-99f2-317c58abfaca,16.117322394
7620d395-f7f3-4e20-8a14-14cca3bea07f,bd6437f0-d5d3-4d38-a678-d2df3edf9201,2021-07-12 07:47:45.607 +0000,4996f1ea-a1af-45e5-a745-7581739b3ed3,TRUE,3,2021-07-12 11:29:17.167 +0000,3346af79-f2c4-4b43-b64c-ccc4e7d6dad5,1806.346199348
4633c6ff-0728-43c6-9ab0-592a0d96a489,4fde2b19-bb01-47c3-9892-368975aa205b,2021-10-11 16:13:57.567 +0000,7304f1fd-7b45-4ed3-874f-ef1561a25497,TRUE,3,2021-10-12 08:05:38.940 +0000,a27846f9-a1c6-451e-a942-68ce895984ae,25.155955656
7b8bc146-a573-4ac8-a7d9-2ba86c5068fb,4fde2b19-bb01-47c3-9892-368975aa205b,2021-12-09 14:18:49.457 +0000,361d4152-1781-494d-979d-1764501d1f7f,TRUE,3,2021-12-09 14:44:57.260 +0000,a27846f9-a1c6-451e-a942-68ce895984ae,26.849978302
2f2a0d8c-1aab-41eb-a75e-be13764e7c24,7bf43bd2-5be3-4958-8aa6-0f91d05c5022,2021-08-16 18:43:20.913 +0000,aa977480-a49f-4632-824c-9c23cee62023,TRUE,3,2021-08-17 08:16:29.507 +0000,c733ab66-2124-4d27-88dc-da946f2e89fd,6.940665558
ed7a1c63-c15f-43ca-a09e-4c7b805746ba,bd6437f0-d5d3-4d38-a678-d2df3edf9201,2021-11-25 06:50:30.030 +0000,434fb2bb-9f3f-4cb4-8f07-f6b1523b120f,TRUE,3,2021-11-25 07:14:15.327 +0000,3346af79-f2c4-4b43-b64c-ccc4e7d6dad5,509.207759876
22639664-7afd-483a-9833-fa40a1a44bf3,bd6437f0-d5d3-4d38-a678-d2df3edf9201,2021-08-25 11:35:09.923 +0000,47018620-dd8d-4a0a-9c0f-305ce2cac944,TRUE,3,2021-08-25 12:15:15.063 +0000,3346af79-f2c4-4b43-b64c-ccc4e7d6dad5,291.96055773
88c9f881-4a73-4ba4-82ed-3e92479b5b27,e1dbfed8-2fe7-4204-aa40-304e6bf6db0b,2021-07-22 13:44:28.457 +0000,08ee891d-d637-4603-8974-1dbc7be1303e,TRUE,1,2021-07-22 13:44:28.457 +0000,b0d83d03-d4cf-4744-99f2-317c58abfaca,10.82567917
a551e2de-08ee-40aa-83fd-f73552e73dc3,bd6437f0-d5d3-4d38-a678-d2df3edf9201,2021-08-25 12:14:31.743 +0000,ef0887c1-4cbc-4bb4-82db-3263d59867af,TRUE,3,2021-08-25 12:34:09.807 +0000,3346af79-f2c4-4b43-b64c-ccc4e7d6dad5,269.496095125
62f4ff17-8f32-439a-909b-4b1134ef9d83,e1dbfed8-2fe7-4204-aa40-304e6bf6db0b,2021-12-06 05:56:00.483 +0000,7e3c8a9f-d7bf-41ad-9bff-2e9cf7cb1c05,TRUE,3,2021-12-06 06:12:39.560 +0000,b0d83d03-d4cf-4744-99f2-317c58abfaca,202.335018372
11d883d0-10d5-480b-9779-41bc82e81c48,2030d3a6-5063-442a-93ad-2625ad66b2bf,2021-12-21 18:42:49.923 +0000,64724e6f-6c02-4d7c-92a7-f837fb13965d,TRUE,3,2021-12-21 18:44:00.377 +0000,34e1132e-f87d-4d86-b12a-638ecdcf7070,1693.67141078
7699d8fc-f25e-429a-9c74-1f66898bba87,a7fd84bd-e13c-49c2-9b08-074c3478d168,2021-08-10 19:35:30.210 +0000,7701349e-666f-483b-b75c-ce2e6cc31ba4,TRUE,3,2021-08-10 19:35:45.730 +0000,befdcfda-8c49-4d9b-9414-2c227931f34e,44.053902703
5a7567bf-8740-43e5-8cb2-7141049c8fc2,a7fd84bd-e13c-49c2-9b08-074c3478d168,2021-10-20 16:30:03.560 +0000,240fea67-c800-4da8-aab7-15c20599f253,TRUE,3,2021-10-20 16:31:00.473 +0000,e65ea6b3-b5c5-46b3-b972-a104795e7472,7.634854121
3348e3ce-9008-4349-b87d-6ce371677291,2030d3a6-5063-442a-93ad-2625ad66b2bf,2021-12-21 21:24:19.740 +0000,4f1ad8ce-7960-4f3e-8717-029bbb8032ee,TRUE,3,2021-12-21 21:25:00.990 +0000,34e1132e-f87d-4d86-b12a-638ecdcf7070,1233.584665458
c677620b-40d0-4a41-b181-76d1108d1ba6,a7fd84bd-e13c-49c2-9b08-074c3478d168,2021-06-22 18:36:11.770 +0000,2dd8a70d-8cf6-457e-859c-734fab7d3e66,TRUE,3,2021-06-22 18:36:31.253 +0000,befdcfda-8c49-4d9b-9414-2c227931f34e,27.763725172
11d883d0-10d5-480b-9779-41bc82e81c48,2030d3a6-5063-442a-93ad-2625ad66b2bf,2022-02-03 17:43:58.823 +0000,a1581bc8-2cd0-4b27-904f-0ce4e7a66dc1,TRUE,3,2022-02-03 17:45:04.647 +0000,34e1132e-f87d-4d86-b12a-638ecdcf7070,221.70443527
8c4bb349-9c0b-4019-9160-5079515c8a28,4fde2b19-bb01-47c3-9892-368975aa205b,2021-07-16 18:45:22.513 +0000,cde95e40-8bf0-45fc-8e77-68d3fdb88635,TRUE,3,2021-07-16 18:45:36.177 +0000,a27846f9-a1c6-451e-a942-68ce895984ae,51.780476506
e842356d-c892-4c5a-8d31-3d69e1d24a64,2030d3a6-5063-442a-93ad-2625ad66b2bf,2021-10-27 21:23:45.363 +0000,ec91dac2-0c50-448a-a629-7f8da4177079,TRUE,3,2021-10-27 21:25:00.177 +0000,34e1132e-f87d-4d86-b12a-638ecdcf7070,937.935703432
d6313b68-d0f5-4d48-a8ab-8f6203276af1,2030d3a6-5063-442a-93ad-2625ad66b2bf,2021-12-08 22:54:19.140 +0000,c3ccd247-7403-478d-8d33-88b539d01923,TRUE,3,2021-12-08 22:55:00.357 +0000,34e1132e-f87d-4d86-b12a-638ecdcf7070,360.109143029
0625f2a0-9ed2-432c-8d11-eca640ba5098,4fde2b19-bb01-47c3-9892-368975aa205b,2021-10-06 21:14:59.327 +0000,0908b5f9-5c4d-442a-b6cc-a9d765b70ad2,TRUE,3,2021-10-06 21:16:00.190 +0000,a27846f9-a1c6-451e-a942-68ce895984ae,131.713274148
11281202-e2c6-4d19-a08c-3bc47ab3f659,4fde2b19-bb01-47c3-9892-368975aa205b,2021-08-04 15:25:13.087 +0000,d161a416-5390-4658-9006-f661bd69e894,TRUE,3,2021-08-04 15:25:48.050 +0000,a27846f9-a1c6-451e-a942-68ce895984ae,1949.520757008
8553f2b8-394e-42f8-b929-9e8ffae0e0e9,4fde2b19-bb01-47c3-9892-368975aa205b,2021-10-06 20:19:10.587 +0000,1895ba35-ff9e-4840-89ff-b811c03012a4,TRUE,3,2021-10-06 20:20:00.240 +0000,a27846f9-a1c6-451e-a942-68ce895984ae,70.952158536
1ff06e75-dd1d-4547-8fd8-c3556ed9f497,a7fd84bd-e13c-49c2-9b08-074c3478d168,2021-07-13 22:16:40.000 +0000,072f21b8-965e-432f-9478-30c08cac72d9,TRUE,3,2021-07-13 22:16:50.193 +0000,e65ea6b3-b5c5-46b3-b972-a104795e7472,16.491163423
8c58be6f-184e-4e68-b3d4-9d6991d92980,a7fd84bd-e13c-49c2-9b08-074c3478d168,2021-09-20 16:46:45.073 +0000,84cca132-9890-4953-ad53-b14ca79466e1,TRUE,3,2021-09-20 16:47:00.203 +0000,e65ea6b3-b5c5-46b3-b972-a104795e7472,4.711849535
5c0a45fe-ca3f-4ada-bb0f-0211c997b56a,a7fd84bd-e13c-49c2-9b08-074c3478d168,2021-08-30 14:53:54.043 +0000,fd6abb2b-7484-46b2-8e59-4f193551e8b5,TRUE,3,2021-08-30 14:58:00.570 +0000,befdcfda-8c49-4d9b-9414-2c227931f34e,131.256144801
676b4fcb-439f-4320-a771-ced55b57c135,a7fd84bd-e13c-49c2-9b08-074c3478d168,2021-07-01 20:35:07.900 +0000,0fb7bdd4-15cb-4369-833f-18a03793635b,TRUE,3,2021-07-01 20:35:36.200 +0000,befdcfda-8c49-4d9b-9414-2c227931f34e,600.410133062
1bb7107f-4ab8-4a1d-b6b9-73e5083a5300,a7fd84bd-e13c-49c2-9b08-074c3478d168,2021-10-06 22:55:06.900 +0000,28116c70-db5e-415b-859e-1920b3996926,TRUE,3,2021-10-06 22:56:00.350 +0000,e65ea6b3-b5c5-46b3-b972-a104795e7472,448.35665665
552cf6c5-cc08-43f3-9214-e0e496b9095b,4fde2b19-bb01-47c3-9892-368975aa205b,2021-10-06 20:54:17.707 +0000,2ad1eb4c-26aa-4256-a9da-a8f2136f297b,TRUE,3,2021-10-06 20:55:00.440 +0000,a27846f9-a1c6-451e-a942-68ce895984ae,1559.137145985
1bb7107f-4ab8-4a1d-b6b9-73e5083a5300,a7fd84bd-e13c-49c2-9b08-074c3478d168,2021-08-05 01:23:35.477 +0000,b01fe42f-b593-47a1-9185-2541134c73ca,TRUE,3,2021-08-05 01:23:48.123 +0000,e65ea6b3-b5c5-46b3-b972-a104795e7472,447.001787415
bd442409-796d-4874-aeee-470280d02a49,2030d3a6-5063-442a-93ad-2625ad66b2bf,2021-12-10 21:16:24.650 +0000,4a91e398-6dd6-49fb-8f52-a3c6dddf3a74,TRUE,3,2021-12-10 21:17:00.553 +0000,34e1132e-f87d-4d86-b12a-638ecdcf7070,622.733196394
b421eb94-cfba-4ed5-9766-95324c45cffa,4fde2b19-bb01-47c3-9892-368975aa205b,2021-11-05 21:48:42.177 +0000,fed4276c-c2d0-489f-afc8-b389d2b13be5,TRUE,3,2021-11-05 21:50:00.183 +0000,a27846f9-a1c6-451e-a942-68ce895984ae,546.629871457
98931f77-f6bc-4cbf-9034-2fa8e80dcc2e,2030d3a6-5063-442a-93ad-2625ad66b2bf,2021-10-06 19:47:24.507 +0000,2ba32c41-6a1e-4b40-9b0e-670270e47af1,TRUE,3,2021-10-06 19:48:00.310 +0000,34e1132e-f87d-4d86-b12a-638ecdcf7070,8199.303643027
bd442409-796d-4874-aeee-470280d02a49,2030d3a6-5063-442a-93ad-2625ad66b2bf,2022-02-01 21:25:46.587 +0000,4bd21333-093a-4bf0-a511-695820e996ed,TRUE,3,2022-02-01 21:26:00.460 +0000,34e1132e-f87d-4d86-b12a-638ecdcf7070,211.357292902
afde3790-21fc-4180-8514-8c2795371919,a7fd84bd-e13c-49c2-9b08-074c3478d168,2021-08-14 20:50:47.827 +0000,2b0a09dc-47d2-48e7-86db-62dae7d0fa3c,TRUE,3,2021-08-14 20:51:39.470 +0000,befdcfda-8c49-4d9b-9414-2c227931f34e,13.95086575
11281202-e2c6-4d19-a08c-3bc47ab3f659,4fde2b19-bb01-47c3-9892-368975aa205b,2021-09-06 16:14:06.663 +0000,bfffd4af-ada1-48a0-be1f-1a20b2e6bc9e,TRUE,3,2021-09-06 16:15:00.183 +0000,a27846f9-a1c6-451e-a942-68ce895984ae,2735.09492705
11281202-e2c6-4d19-a08c-3bc47ab3f659,4fde2b19-bb01-47c3-9892-368975aa205b,2021-08-10 15:22:58.617 +0000,0301a6d9-c9ec-4143-880c-2463e95a47dd,TRUE,3,2021-08-10 15:23:54.133 +0000,a27846f9-a1c6-451e-a942-68ce895984ae,532.822072634
b421eb94-cfba-4ed5-9766-95324c45cffa,4fde2b19-bb01-47c3-9892-368975aa205b,2021-07-16 18:25:30.583 +0000,55707655-6fb9-4e09-8737-8bde6ad155c9,TRUE,3,2021-07-16 18:26:41.120 +0000,a27846f9-a1c6-451e-a942-68ce895984ae,397.747928958
b6fee6f2-cfa2-4ba6-b906-91ed598445ed,a7fd84bd-e13c-49c2-9b08-074c3478d168,2021-08-02 17:25:29.690 +0000,decc666b-ed71-4965-8092-52a6b5c9671f,TRUE,3,2021-08-02 18:07:49.170 +0000,befdcfda-8c49-4d9b-9414-2c227931f34e,96.637472617
d468b291-bebb-4322-9a28-f34c4c6493d0,a7fd84bd-e13c-49c2-9b08-074c3478d168,2021-08-02 15:08:04.137 +0000,3fcfba60-db00-4d5c-8148-f0cf78e5fc72,TRUE,3,2021-08-02 16:23:25.220 +0000,e65ea6b3-b5c5-46b3-b972-a104795e7472,465.218479369
bd442409-796d-4874-aeee-470280d02a49,2030d3a6-5063-442a-93ad-2625ad66b2bf,2021-12-20 19:49:09.753 +0000,113370f6-27aa-4584-a344-675492356c98,TRUE,3,2021-12-20 19:50:00.333 +0000,34e1132e-f87d-4d86-b12a-638ecdcf7070,1668.056856607
1bb7107f-4ab8-4a1d-b6b9-73e5083a5300,a7fd84bd-e13c-49c2-9b08-074c3478d168,2021-06-09 17:59:50.237 +0000,cb3b3131-aaa8-4daa-9895-84700c604a2e,TRUE,3,2021-06-09 18:00:03.310 +0000,e65ea6b3-b5c5-46b3-b972-a104795e7472,1563.015740983
1963803f-8f86-4729-92b6-d79cd63f3646,a7fd84bd-e13c-49c2-9b08-074c3478d168,2021-09-06 14:40:17.067 +0000,410cc832-4500-4c9a-8bd0-789bb4274bf1,TRUE,3,2021-09-06 14:44:00.260 +0000,befdcfda-8c49-4d9b-9414-2c227931f34e,279.796229846
a1633be2-60f4-4ced-a7db-f4917f9687f3,2030d3a6-5063-442a-93ad-2625ad66b2bf,2021-10-06 20:07:40.630 +0000,62806f38-cac4-402f-945a-9ce5604ade67,TRUE,3,2021-10-06 20:09:00.223 +0000,34e1132e-f87d-4d86-b12a-638ecdcf7070,4371.76026939
0e6f7312-d596-423b-bc95-5fca653f6ad6,2030d3a6-5063-442a-93ad-2625ad66b2bf,2021-08-11 16:49:28.037 +0000,56174d52-97cc-4e8d-a9e1-33bc58390c5b,TRUE,3,2021-08-11 16:50:04.137 +0000,34e1132e-f87d-4d86-b12a-638ecdcf7070,3325.870539774
c677620b-40d0-4a41-b181-76d1108d1ba6,a7fd84bd-e13c-49c2-9b08-074c3478d168,2021-07-07 21:25:09.573 +0000,2dc9c572-cdbd-4976-bbd1-3fef220cce37,TRUE,3,2021-07-07 21:25:22.367 +0000,befdcfda-8c49-4d9b-9414-2c227931f34e,8.050259312
a089652e-3bdb-4b3d-8b87-69389b2bb620,4fde2b19-bb01-47c3-9892-368975aa205b,2021-11-01 22:41:00.703 +0000,26c85b44-88d6-480b-aa88-fcc937d32ae6,TRUE,3,2021-11-01 22:43:00.437 +0000,a27846f9-a1c6-451e-a942-68ce895984ae,306.821482961
1bb7107f-4ab8-4a1d-b6b9-73e5083a5300,a7fd84bd-e13c-49c2-9b08-074c3478d168,2021-09-28 16:12:23.367 +0000,6e054c22-b6ce-4cee-87d9-a9190428777b,TRUE,3,2021-09-28 16:14:00.320 +0000,e65ea6b3-b5c5-46b3-b972-a104795e7472,200.031364487
98931f77-f6bc-4cbf-9034-2fa8e80dcc2e,2030d3a6-5063-442a-93ad-2625ad66b2bf,2021-07-06 22:16:32.490 +0000,2250cdf0-6c98-4aee-b976-6db3a68043a8,TRUE,3,2021-07-06 22:16:52.113 +0000,34e1132e-f87d-4d86-b12a-638ecdcf7070,26759.659297493
a47df2f7-42b5-4824-b364-91c568583a3d,a7fd84bd-e13c-49c2-9b08-074c3478d168,2021-06-22 19:05:12.523 +0000,cf0aa5ff-415e-46ba-842a-4c69e53440e6,TRUE,3,2021-06-22 19:05:28.177 +0000,befdcfda-8c49-4d9b-9414-2c227931f34e,77.642545778
0e6f7312-d596-423b-bc95-5fca653f6ad6,2030d3a6-5063-442a-93ad-2625ad66b2bf,2021-08-25 15:17:36.303 +0000,65e676fc-9f90-4f9a-b649-105234686554,TRUE,3,2021-08-25 15:20:00.480 +0000,34e1132e-f87d-4d86-b12a-638ecdcf7070,8368.246750415
91bc1085-49d8-4282-bf6b-06b8874cb84d,4fde2b19-bb01-47c3-9892-368975aa205b,2021-10-11 16:22:58.680 +0000,d12faaba-1e06-446e-9df7-a35b2f45f679,TRUE,3,2021-10-11 16:24:00.320 +0000,a27846f9-a1c6-451e-a942-68ce895984ae,55.129841763
d6313b68-d0f5-4d48-a8ab-8f6203276af1,2030d3a6-5063-442a-93ad-2625ad66b2bf,2022-01-31 16:26:14.127 +0000,9834f0be-9166-4aff-96b5-1e7ff47e83ee,TRUE,3,2022-01-31 16:27:00.867 +0000,34e1132e-f87d-4d86-b12a-638ecdcf7070,100.620525815
0a1938c7-d720-46ec-8304-833cdddc74d7,a7fd84bd-e13c-49c2-9b08-074c3478d168,2021-08-19 19:10:43.853 +0000,3a7ee8c2-5f9e-4154-9b04-e70264d29bb7,TRUE,3,2021-08-19 19:11:00.250 +0000,befdcfda-8c49-4d9b-9414-2c227931f34e,51.43660669
1bb7107f-4ab8-4a1d-b6b9-73e5083a5300,a7fd84bd-e13c-49c2-9b08-074c3478d168,2021-06-16 22:40:38.983 +0000,f947e223-f91d-4beb-9bdf-af89f33ce95b,TRUE,3,2021-06-16 22:40:48.187 +0000,e65ea6b3-b5c5-46b3-b972-a104795e7472,12.838971338
f3437887-9ff7-48d3-8113-9d991cbb436e,a7fd84bd-e13c-49c2-9b08-074c3478d168,2021-07-21 18:19:05.443 +0000,e93fc11c-c731-444f-b705-1f9266b1ffbb,TRUE,3,2021-07-21 18:19:29.190 +0000,befdcfda-8c49-4d9b-9414-2c227931f34e,22.254517901
552cf6c5-cc08-43f3-9214-e0e496b9095b,4fde2b19-bb01-47c3-9892-368975aa205b,2021-09-02 17:12:45.650 +0000,2b166e67-3669-40fe-8d46-e749a9585062,TRUE,3,2021-09-02 17:13:00.227 +0000,a27846f9-a1c6-451e-a942-68ce895984ae,1114.010677233
64470f14-73ef-46f1-a3b9-79941a2ac2a0,a7fd84bd-e13c-49c2-9b08-074c3478d168,2021-08-10 03:56:21.483 +0000,66216e71-18d6-4d7c-a104-416ae8f29f5b,TRUE,3,2021-08-10 03:56:30.300 +0000,befdcfda-8c49-4d9b-9414-2c227931f34e,63.780945355
d21eb69b-1473-44eb-897c-365e0eed2eff,a7fd84bd-e13c-49c2-9b08-074c3478d168,2021-07-10 15:52:43.337 +0000,8ad057c6-0028-43c2-aa3a-d7cdd13d440d,TRUE,3,2021-07-10 15:53:14.173 +0000,e65ea6b3-b5c5-46b3-b972-a104795e7472,38.971312136
bc0cddd6-02f5-45d3-9e79-e0d01140d139,4fde2b19-bb01-47c3-9892-368975aa205b,2021-10-01 21:31:12.860 +0000,b00c368e-1a9c-4ee6-99ca-fa338249334e,TRUE,3,2021-10-01 21:32:00.267 +0000,a27846f9-a1c6-451e-a942-68ce895984ae,50.340453913
1bb7107f-4ab8-4a1d-b6b9-73e5083a5300,a7fd84bd-e13c-49c2-9b08-074c3478d168,2021-10-21 15:21:19.967 +0000,88015945-0599-4a40-9c88-a51fd19b1a25,TRUE,3,2021-10-21 15:22:00.390 +0000,e65ea6b3-b5c5-46b3-b972-a104795e7472,195.181957284
2d1a1e10-e706-4b5f-b59e-b3f4a0cf9457,a7fd84bd-e13c-49c2-9b08-074c3478d168,2021-06-02 18:28:00.417 +0000,1cdde932-6275-4fd2-96d9-71d1983b5189,TRUE,3,2021-06-02 18:28:12.143 +0000,e65ea6b3-b5c5-46b3-b972-a104795e7472,25.840867191
3348e3ce-9008-4349-b87d-6ce371677291,2030d3a6-5063-442a-93ad-2625ad66b2bf,2021-12-16 22:34:29.797 +0000,e613fe6d-c3be-4714-8b71-cfe4c5e79f77,TRUE,3,2021-12-16 22:35:01.427 +0000,34e1132e-f87d-4d86-b12a-638ecdcf7070,1439.415522297
019691bc-896e-420d-b0d2-cae041176942,a7fd84bd-e13c-49c2-9b08-074c3478d168,2021-10-25 22:13:03.463 +0000,097e78d7-0ab6-4511-bd14-ac30409ac3fc,TRUE,3,2021-10-25 22:14:00.373 +0000,e65ea6b3-b5c5-46b3-b972-a104795e7472,0.5179475514
d6313b68-d0f5-4d48-a8ab-8f6203276af1,2030d3a6-5063-442a-93ad-2625ad66b2bf,2021-12-13 16:52:46.303 +0000,26f8e45d-1d99-4180-b554-4bea6a44ea48,TRUE,3,2021-12-13 16:55:00.357 +0000,34e1132e-f87d-4d86-b12a-638ecdcf7070,139.433199232
90af75de-2091-4e8e-93d8-f5cfc28739b1,a7fd84bd-e13c-49c2-9b08-074c3478d168,2021-07-05 21:30:19.713 +0000,9bc2b492-44c2-4708-9c44-f58bc5c91911,TRUE,3,2021-07-05 21:30:39.523 +0000,befdcfda-8c49-4d9b-9414-2c227931f34e,15.056708009
2efc361e-02dd-43c9-ac80-ede1e721bf9a,4fde2b19-bb01-47c3-9892-368975aa205b,2021-07-16 18:35:10.307 +0000,dc216f49-6ef7-4830-9653-e4d4317a484f,TRUE,3,2021-07-16 18:35:46.123 +0000,a27846f9-a1c6-451e-a942-68ce895984ae,21.262564043
eb1cec7e-b23a-4768-b820-db630652ae1e,4fde2b19-bb01-47c3-9892-368975aa205b,2021-10-11 16:40:16.327 +0000,906a5edc-3d16-4c98-8e98-f1ecb3d7e0db,TRUE,3,2021-10-11 16:41:00.250 +0000,a27846f9-a1c6-451e-a942-68ce895984ae,1772.991530906
20d6bbbd-a139-42a0-a52e-26c6eedb3620,a7fd84bd-e13c-49c2-9b08-074c3478d168,2021-09-06 01:04:21.317 +0000,635fb389-6e41-4aca-9b14-aa0d6107f694,TRUE,3,2021-09-06 01:05:00.300 +0000,e65ea6b3-b5c5-46b3-b972-a104795e7472,16.182653164
7699d8fc-f25e-429a-9c74-1f66898bba87,a7fd84bd-e13c-49c2-9b08-074c3478d168,2021-08-01 00:24:07.327 +0000,86e933b1-90b5-48bf-b4e0-347427085da4,TRUE,3,2021-08-01 00:24:31.517 +0000,befdcfda-8c49-4d9b-9414-2c227931f34e,20.26653897
844fc218-3eea-4195-9a6b-22bd4ae1d9ac,2030d3a6-5063-442a-93ad-2625ad66b2bf,2022-01-31 17:18:03.010 +0000,3b1a0d6a-e642-4b00-9c3a-c629bb7738c6,TRUE,3,2022-01-31 17:19:00.440 +0000,34e1132e-f87d-4d86-b12a-638ecdcf7070,890.562961797
84b1a79d-3b7d-494c-9bcb-9d9a8f7666b8,a7fd84bd-e13c-49c2-9b08-074c3478d168,2022-01-11 21:06:40.200 +0000,bc8d7b1f-d736-42bf-a7d6-d0389ac4f171,TRUE,3,2022-01-11 21:08:00.617 +0000,e65ea6b3-b5c5-46b3-b972-a104795e7472,135.621289257
572e9bda-b9d3-4d8a-b322-7b30612aafeb,a7fd84bd-e13c-49c2-9b08-074c3478d168,2021-08-21 21:08:49.267 +0000,84e3b4c0-d28a-4fcf-bb27-814c12e4ef8a,TRUE,3,2021-08-21 21:10:00.243 +0000,befdcfda-8c49-4d9b-9414-2c227931f34e,4.273982052
377c9e93-f6d6-4cb1-9737-99343012b55e,a7fd84bd-e13c-49c2-9b08-074c3478d168,2021-06-11 16:14:20.477 +0000,ee3d62cd-5762-4749-8193-9c1946d00494,TRUE,3,2021-06-11 16:15:19.210 +0000,e65ea6b3-b5c5-46b3-b972-a104795e7472,344.895725253
bd442409-796d-4874-aeee-470280d02a49,2030d3a6-5063-442a-93ad-2625ad66b2bf,2022-01-28 22:33:35.550 +0000,3caf8535-5b6e-4680-a198-1edf5cd4cfc0,TRUE,3,2022-01-28 22:34:00.257 +0000,34e1132e-f87d-4d86-b12a-638ecdcf7070,78.332437499
1bb7107f-4ab8-4a1d-b6b9-73e5083a5300,a7fd84bd-e13c-49c2-9b08-074c3478d168,2021-09-21 19:43:08.393 +0000,36354add-4257-4f31-86b8-c92b52cecf4d,TRUE,3,2021-09-21 19:44:00.223 +0000,e65ea6b3-b5c5-46b3-b972-a104795e7472,181.503823334
75b92f7b-8a34-4283-ab71-154cd8446d20,a7fd84bd-e13c-49c2-9b08-074c3478d168,2021-09-05 00:35:49.747 +0000,ed0f180a-c65f-41d1-831f-f5b37251623f,TRUE,3,2021-09-05 00:36:00.290 +0000,befdcfda-8c49-4d9b-9414-2c227931f34e,0.06047227421
92bbf734-3d5e-4fa0-bdf3-a41a2d3dcecf,a7fd84bd-e13c-49c2-9b08-074c3478d168,2021-07-09 19:10:51.570 +0000,654832cb-0ec2-41cc-9657-d2e40addcd06,TRUE,3,2021-07-09 19:11:13.177 +0000,e65ea6b3-b5c5-46b3-b972-a104795e7472,628.582572273
b421eb94-cfba-4ed5-9766-95324c45cffa,4fde2b19-bb01-47c3-9892-368975aa205b,2021-10-11 16:47:05.077 +0000,9458b91d-f2df-48e9-94db-121cb771be19,TRUE,3,2021-10-11 16:48:00.270 +0000,a27846f9-a1c6-451e-a942-68ce895984ae,735.228856276
bd442409-796d-4874-aeee-470280d02a49,2030d3a6-5063-442a-93ad-2625ad66b2bf,2021-12-16 22:35:36.080 +0000,f8217c57-903f-4861-a3f7-ddcb33b57762,TRUE,3,2021-12-16 22:36:00.447 +0000,34e1132e-f87d-4d86-b12a-638ecdcf7070,267.247328956
b31fda8b-2d46-4160-ba8f-9dfd4fa5f239,4fde2b19-bb01-47c3-9892-368975aa205b,2021-08-06 20:16:02.130 +0000,61a4c722-5aae-45cb-a674-9984b93c0a42,TRUE,3,2021-08-06 20:16:09.083 +0000,a27846f9-a1c6-451e-a942-68ce895984ae,3559.424927165
ec63601c-bad5-4506-9983-544be31f3b71,2030d3a6-5063-442a-93ad-2625ad66b2bf,2021-09-06 14:52:29.593 +0000,2f5f1ce2-688e-4784-8156-a2410dcea84f,TRUE,3,2021-09-06 14:55:00.127 +0000,34e1132e-f87d-4d86-b12a-638ecdcf7070,3717.501420892
5cc1876e-2cdd-4494-8a9d-94713ba770a5,a7fd84bd-e13c-49c2-9b08-074c3478d168,2021-08-02 19:22:52.497 +0000,4fff2341-d608-43aa-8e8d-a75a1e93ea4a,TRUE,3,2021-08-02 19:23:01.223 +0000,befdcfda-8c49-4d9b-9414-2c227931f34e,1.953553507
b26816df-e632-4cfc-bd6f-da30939f604d,4fde2b19-bb01-47c3-9892-368975aa205b,2021-09-01 22:59:13.330 +0000,3e7c2c51-3a0c-43c1-a6f5-3b5aa1ab2614,TRUE,3,2021-09-01 23:03:00.127 +0000,a27846f9-a1c6-451e-a942-68ce895984ae,432.812427365
11281202-e2c6-4d19-a08c-3bc47ab3f659,4fde2b19-bb01-47c3-9892-368975aa205b,2021-09-06 17:50:12.780 +0000,7058701f-bd46-4643-9dae-caa014a8c82f,TRUE,3,2021-09-06 17:51:00.110 +0000,a27846f9-a1c6-451e-a942-68ce895984ae,39.933969489
84b1a79d-3b7d-494c-9bcb-9d9a8f7666b8,a7fd84bd-e13c-49c2-9b08-074c3478d168,2022-01-11 21:04:06.587 +0000,c12edb95-fcd0-4f3c-88d0-b5d1988a530b,TRUE,3,2022-01-11 21:05:00.540 +0000,e65ea6b3-b5c5-46b3-b972-a104795e7472,157.114889468
11281202-e2c6-4d19-a08c-3bc47ab3f659,4fde2b19-bb01-47c3-9892-368975aa205b,2021-07-28 20:49:20.880 +0000,dc0cd859-d346-425d-8127-beadd2d67e43,TRUE,3,2021-07-28 20:49:58.200 +0000,a27846f9-a1c6-451e-a942-68ce895984ae,1244.490076453
a40fa6b0-3f5b-4b1d-8abc-b6d0a1ef9ea2,a7fd84bd-e13c-49c2-9b08-074c3478d168,2021-07-07 18:26:24.270 +0000,7d61dc67-a249-4f21-929a-a77c167063b5,TRUE,3,2021-07-07 18:27:14.167 +0000,befdcfda-8c49-4d9b-9414-2c227931f34e,166.194533268
bd442409-796d-4874-aeee-470280d02a49,2030d3a6-5063-442a-93ad-2625ad66b2bf,2022-01-12 21:05:25.707 +0000,0ecb1f3e-fbb8-4a6f-83e2-263893dd02ee,TRUE,3,2022-01-12 21:07:17.470 +0000,34e1132e-f87d-4d86-b12a-638ecdcf7070,939.332138982
d6313b68-d0f5-4d48-a8ab-8f6203276af1,2030d3a6-5063-442a-93ad-2625ad66b2bf,2021-12-16 19:29:17.197 +0000,980e2ae8-ede8-40d4-bad7-f67e0b1e309a,TRUE,3,2021-12-16 19:30:00.323 +0000,34e1132e-f87d-4d86-b12a-638ecdcf7070,1066.383161792
33c4ce1e-93d8-4842-8844-871cf2bc56ee,2030d3a6-5063-442a-93ad-2625ad66b2bf,2021-10-12 17:30:15.570 +0000,805f73c7-92a7-4df0-b968-dba3fcc1ba9b,TRUE,3,2021-10-12 17:31:00.267 +0000,34e1132e-f87d-4d86-b12a-638ecdcf7070,7447.12349859
96ba65d8-5d37-4e18-bfce-b9e28195347a,a7fd84bd-e13c-49c2-9b08-074c3478d168,2022-01-11 01:07:21.127 +0000,7043d383-7ff8-4c3a-9bec-b4fd5b835e65,TRUE,3,2022-01-11 01:09:00.537 +0000,e65ea6b3-b5c5-46b3-b972-a104795e7472,0.4523465252
11619c67-405f-4552-b10e-007923f6ba79,4fde2b19-bb01-47c3-9892-368975aa205b,2021-08-06 20:04:24.887 +0000,9b007f84-7791-4712-8dc6-2a6e5adea31c,TRUE,3,2021-08-06 20:04:37.090 +0000,a27846f9-a1c6-451e-a942-68ce895984ae,2875.852375981
d21eb69b-1473-44eb-897c-365e0eed2eff,a7fd84bd-e13c-49c2-9b08-074c3478d168,2021-08-24 02:33:17.033 +0000,97c3dc52-834d-4648-ab87-d3825bc222c7,TRUE,3,2021-08-24 02:34:00.447 +0000,e65ea6b3-b5c5-46b3-b972-a104795e7472,6.836936266
11281202-e2c6-4d19-a08c-3bc47ab3f659,4fde2b19-bb01-47c3-9892-368975aa205b,2021-09-01 15:34:53.643 +0000,ed749cf6-d654-4c33-a614-1ad0ff72a189,TRUE,3,2021-09-01 15:37:00.453 +0000,a27846f9-a1c6-451e-a942-68ce895984ae,8447.974124291
61ce578e-e911-4d99-b12a-bd22cb51e33a,a7fd84bd-e13c-49c2-9b08-074c3478d168,2021-06-14 16:31:19.003 +0000,f4b36e14-1525-4b25-b636-e6327068227d,TRUE,4,2021-06-14 16:31:20.780 +0000,e65ea6b3-b5c5-46b3-b972-a104795e7472,0
92bbf734-3d5e-4fa0-bdf3-a41a2d3dcecf,a7fd84bd-e13c-49c2-9b08-074c3478d168,2021-09-08 19:47:19.443 +0000,b00517e3-dcae-4260-a11f-3f07206a12b6,TRUE,3,2021-09-08 19:48:00.240 +0000,e65ea6b3-b5c5-46b3-b972-a104795e7472,71.071088959
13f3af70-29af-4db8-95ff-bf1fbd5c367d,7bf43bd2-5be3-4958-8aa6-0f91d05c5022,2022-01-28 22:10:32.663 +0000,16aa8674-024f-492c-bf12-9cec5c78aa51,TRUE,3,2022-01-28 22:12:00.683 +0000,c733ab66-2124-4d27-88dc-da946f2e89fd,283.236568656
d6313b68-d0f5-4d48-a8ab-8f6203276af1,2030d3a6-5063-442a-93ad-2625ad66b2bf,2022-02-02 17:35:48.003 +0000,1611f5c5-f12c-444e-99d0-80248ef56fcf,TRUE,3,2022-02-02 17:37:00.677 +0000,34e1132e-f87d-4d86-b12a-638ecdcf7070,1384.99014609
2efc361e-02dd-43c9-ac80-ede1e721bf9a,4fde2b19-bb01-47c3-9892-368975aa205b,2021-10-06 21:01:22.633 +0000,ed37d87c-6f75-4f26-a5b9-6625c0f7098f,TRUE,3,2021-10-06 21:02:00.447 +0000,a27846f9-a1c6-451e-a942-68ce895984ae,15.85768779
96d9624f-ab3d-49e3-ad4c-c5c305966c55,a7fd84bd-e13c-49c2-9b08-074c3478d168,2021-08-17 22:25:42.460 +0000,ed9a1d88-5324-476a-b48d-b1461c661849,TRUE,3,2021-08-17 22:25:56.277 +0000,befdcfda-8c49-4d9b-9414-2c227931f34e,7.154935429
96ba65d8-5d37-4e18-bfce-b9e28195347a,a7fd84bd-e13c-49c2-9b08-074c3478d168,2021-07-17 21:21:22.837 +0000,2fab827b-a8f1-4e74-98a2-e7f1d7cfb87f,TRUE,3,2021-07-17 21:21:29.403 +0000,e65ea6b3-b5c5-46b3-b972-a104795e7472,135.020217816
d6313b68-d0f5-4d48-a8ab-8f6203276af1,2030d3a6-5063-442a-93ad-2625ad66b2bf,2021-12-20 19:48:07.640 +0000,881a4b86-f7c8-4213-8366-c0ba2de5a101,TRUE,3,2021-12-20 19:49:02.177 +0000,34e1132e-f87d-4d86-b12a-638ecdcf7070,1364.606077242
2cdfe7c2-6857-4bc6-bc11-d764d31b1a79,a7fd84bd-e13c-49c2-9b08-074c3478d168,2021-08-12 15:40:39.510 +0000,fac607dc-a58e-44b8-94ed-12522f5b3825,TRUE,3,2021-08-12 15:41:06.317 +0000,befdcfda-8c49-4d9b-9414-2c227931f34e,29.009929761
92bbf734-3d5e-4fa0-bdf3-a41a2d3dcecf,a7fd84bd-e13c-49c2-9b08-074c3478d168,2021-10-18 18:55:32.857 +0000,1c401350-f991-4a4f-b21e-55b649fda7cb,TRUE,3,2021-10-18 18:57:00.357 +0000,e65ea6b3-b5c5-46b3-b972-a104795e7472,204.793311957
5ab5da64-44b0-4063-960c-b8a974c2e8c9,a7fd84bd-e13c-49c2-9b08-074c3478d168,2021-08-11 15:36:18.717 +0000,22d99d54-f94e-4c98-9ca1-61eb03f577db,TRUE,3,2021-08-11 15:37:06.170 +0000,e65ea6b3-b5c5-46b3-b972-a104795e7472,198.590919907
38cc63f5-5638-4fae-9c32-55dd65d3d361,4fde2b19-bb01-47c3-9892-368975aa205b,2021-10-06 18:45:25.147 +0000,03325e19-eeda-43ed-a54d-74f615ca2417,TRUE,3,2021-10-06 18:46:00.180 +0000,a27846f9-a1c6-451e-a942-68ce895984ae,2.025004302
5ab5da64-44b0-4063-960c-b8a974c2e8c9,a7fd84bd-e13c-49c2-9b08-074c3478d168,2021-09-05 17:04:13.833 +0000,b0509b4e-34ef-4129-9fe3-51618877ea71,TRUE,3,2021-09-05 17:06:00.323 +0000,e65ea6b3-b5c5-46b3-b972-a104795e7472,101.114589588
3348e3ce-9008-4349-b87d-6ce371677291,2030d3a6-5063-442a-93ad-2625ad66b2bf,2021-12-13 16:54:10.463 +0000,2ce9ee74-9835-4fb0-9d85-0e1a00895080,TRUE,3,2021-12-13 16:56:00.320 +0000,34e1132e-f87d-4d86-b12a-638ecdcf7070,3459.360962933
4400abb5-982b-4c58-a7f1-5c8fed47a3dc,7bf43bd2-5be3-4958-8aa6-0f91d05c5022,2022-01-28 02:13:58.463 +0000,db522c63-4549-49c4-827c-7e7061684703,TRUE,3,2022-01-28 02:15:00.763 +0000,c733ab66-2124-4d27-88dc-da946f2e89fd,7588.362983747
bd442409-796d-4874-aeee-470280d02a49,2030d3a6-5063-442a-93ad-2625ad66b2bf,2021-12-15 20:30:30.393 +0000,e3bcb2ff-d5c4-4389-922a-a09303e348cf,TRUE,3,2021-12-15 20:31:00.453 +0000,34e1132e-f87d-4d86-b12a-638ecdcf7070,734.745431727
5b70e669-0544-470f-98f2-553156e41ef5,a7fd84bd-e13c-49c2-9b08-074c3478d168,2021-09-21 18:50:00.930 +0000,10f58452-1c33-4aba-b237-354e06ac2d86,TRUE,3,2021-09-21 18:51:00.267 +0000,e65ea6b3-b5c5-46b3-b972-a104795e7472,38.646250297
29a22b95-7461-40ce-aa8d-e4a848259fe6,4fde2b19-bb01-47c3-9892-368975aa205b,2021-07-16 18:30:29.337 +0000,789f1d64-1b43-4cc8-a412-a40ca8bbd097,TRUE,3,2021-07-16 18:31:44.160 +0000,a27846f9-a1c6-451e-a942-68ce895984ae,389.54957903
7699d8fc-f25e-429a-9c74-1f66898bba87,a7fd84bd-e13c-49c2-9b08-074c3478d168,2021-10-13 15:17:02.583 +0000,dec62834-8df3-4c1b-ba18-669e384267ad,TRUE,3,2021-10-13 15:18:00.383 +0000,befdcfda-8c49-4d9b-9414-2c227931f34e,10.596445529
98931f77-f6bc-4cbf-9034-2fa8e80dcc2e,2030d3a6-5063-442a-93ad-2625ad66b2bf,2021-10-11 20:33:52.530 +0000,90660d98-374c-41ba-8e1e-23b5d5249abf,TRUE,3,2021-10-11 20:35:09.963 +0000,34e1132e-f87d-4d86-b12a-638ecdcf7070,314.088383686
11281202-e2c6-4d19-a08c-3bc47ab3f659,4fde2b19-bb01-47c3-9892-368975aa205b,2021-07-26 22:01:36.433 +0000,2204cb38-2557-461d-9630-a00e8f6772ea,TRUE,3,2021-07-26 22:02:02.200 +0000,a27846f9-a1c6-451e-a942-68ce895984ae,4468.834660635
d21eb69b-1473-44eb-897c-365e0eed2eff,a7fd84bd-e13c-49c2-9b08-074c3478d168,2021-08-29 17:10:36.690 +0000,5418fd2d-bb1e-4e22-9335-576d3fa6be18,TRUE,3,2021-08-29 17:12:00.203 +0000,e65ea6b3-b5c5-46b3-b972-a104795e7472,23.035058066
ed780520-1740-4df6-bb6f-35585e81ddbe,2030d3a6-5063-442a-93ad-2625ad66b2bf,2021-12-15 21:55:27.603 +0000,25dd114f-969c-4169-8af6-e868ab367df3,TRUE,3,2021-12-15 21:56:00.347 +0000,34e1132e-f87d-4d86-b12a-638ecdcf7070,539.72768626
b4e24125-5d18-4da3-bda7-71db544473d9,a7fd84bd-e13c-49c2-9b08-074c3478d168,2021-08-09 19:02:14.713 +0000,32bcfe5d-8973-4b6d-95bd-44a102442d20,TRUE,3,2021-08-09 19:02:30.560 +0000,befdcfda-8c49-4d9b-9414-2c227931f34e,22.011884292
9f31e5df-265b-42bb-9b75-664b70b470ce,4fde2b19-bb01-47c3-9892-368975aa205b,2021-07-16 18:03:45.330 +0000,d749ae31-117f-4717-a16c-4eab00f8efcb,TRUE,3,2021-07-16 18:04:28.123 +0000,a27846f9-a1c6-451e-a942-68ce895984ae,682.313614743
243faa41-11a9-4b1b-9173-de95ebd67f87,a7fd84bd-e13c-49c2-9b08-074c3478d168,2021-07-27 21:07:25.890 +0000,5d7c9eb7-e823-49d7-929a-c9876ec0efc5,TRUE,3,2021-07-27 21:07:37.190 +0000,e65ea6b3-b5c5-46b3-b972-a104795e7472,19.729008599
1bcd0a13-37cd-4052-bb6a-911f2943c59f,4fde2b19-bb01-47c3-9892-368975aa205b,2021-07-16 18:42:07.897 +0000,944b1f13-3f38-44f8-8322-75ce5c3c4df0,TRUE,3,2021-07-16 18:42:33.140 +0000,a27846f9-a1c6-451e-a942-68ce895984ae,8.946880559
3f23395d-1e68-42d2-a44e-8207b9a5cda4,4fde2b19-bb01-47c3-9892-368975aa205b,2021-10-01 21:25:43.707 +0000,aa42486f-aa81-4b73-bb56-2e8989e8146b,TRUE,3,2021-10-01 21:26:00.437 +0000,a27846f9-a1c6-451e-a942-68ce895984ae,259.063391088
c58e2137-7dd7-4b6f-8b08-0908ac886dca,4fde2b19-bb01-47c3-9892-368975aa205b,2021-10-08 17:02:48.063 +0000,79a63a55-d0b1-4172-a62e-7b6b6c10fd47,TRUE,3,2021-10-08 17:04:00.527 +0000,a27846f9-a1c6-451e-a942-68ce895984ae,576.615605791
42ad8ab3-6aad-4b42-9364-31bb53b5b661,7bf43bd2-5be3-4958-8aa6-0f91d05c5022,2021-06-07 20:21:46.250 +0000,7bd43a91-49ee-42ac-b049-44bff3a2c9e9,TRUE,3,2021-06-07 20:22:02.200 +0000,c733ab66-2124-4d27-88dc-da946f2e89fd,1426.836957969
2e9758c1-ec0b-4d9b-beff-f365be6b8be7,4fde2b19-bb01-47c3-9892-368975aa205b,2021-10-06 18:59:23.603 +0000,7be7144a-c60c-415e-a8d1-f8b4eabbb64e,TRUE,3,2021-10-06 19:00:00.223 +0000,a27846f9-a1c6-451e-a942-68ce895984ae,371.633709797
c62ba3df-8ee9-4de1-8c61-85685e67bc13,a7fd84bd-e13c-49c2-9b08-074c3478d168,2021-08-06 19:51:47.167 +0000,0908e9e9-5808-4da8-bde6-10efcadf851a,TRUE,3,2021-08-06 19:51:59.167 +0000,e65ea6b3-b5c5-46b3-b972-a104795e7472,210.913872272
30f22572-f634-468f-847a-c6364d00c5c0,4fde2b19-bb01-47c3-9892-368975aa205b,2021-09-23 21:53:18.993 +0000,50d0ce15-6240-402a-9f77-8736798737f4,TRUE,3,2021-09-23 21:54:00.160 +0000,a27846f9-a1c6-451e-a942-68ce895984ae,57.971202795
d067db69-d6e9-4b8a-a8e8-b149403a2b40,4fde2b19-bb01-47c3-9892-368975aa205b,2021-08-06 20:19:06.737 +0000,bf3abbcc-0492-436d-a15e-2daccb1bda15,TRUE,3,2021-08-06 20:19:24.110 +0000,a27846f9-a1c6-451e-a942-68ce895984ae,1359.073191043
2e9758c1-ec0b-4d9b-beff-f365be6b8be7,4fde2b19-bb01-47c3-9892-368975aa205b,2021-07-16 18:49:08.543 +0000,b39b289c-7574-433d-b4f6-eb6cca28f70e,TRUE,3,2021-07-16 18:49:25.140 +0000,a27846f9-a1c6-451e-a942-68ce895984ae,87.130181609
358583bb-c318-4618-8843-4d74d624c7fb,a7fd84bd-e13c-49c2-9b08-074c3478d168,2021-06-14 20:58:31.727 +0000,932ec3fa-030f-4fa8-bb4f-623dcd421b6a,TRUE,3,2021-06-14 20:59:02.257 +0000,befdcfda-8c49-4d9b-9414-2c227931f34e,153.33185485
cf8284e6-390b-4089-8a97-f0b129ce4863,2030d3a6-5063-442a-93ad-2625ad66b2bf,2021-12-21 16:47:09.270 +0000,8b6bb36b-a6fd-45f5-88c8-b627b6dfe3ef,TRUE,3,2021-12-21 16:48:00.273 +0000,34e1132e-f87d-4d86-b12a-638ecdcf7070,441.885861297
0e6f7312-d596-423b-bc95-5fca653f6ad6,2030d3a6-5063-442a-93ad-2625ad66b2bf,2021-10-11 17:06:11.150 +0000,657f0a43-974c-4380-a660-96d04b3c3531,TRUE,3,2021-10-11 17:07:00.327 +0000,34e1132e-f87d-4d86-b12a-638ecdcf7070,5065.530099956
4982f669-03ec-48ae-9a61-160b178dc487,a7fd84bd-e13c-49c2-9b08-074c3478d168,2021-08-07 15:28:34.750 +0000,6e795605-4192-495e-af2f-f8d58e410e47,TRUE,3,2021-08-07 15:29:12.157 +0000,e65ea6b3-b5c5-46b3-b972-a104795e7472,92.137724464
98bd2aaa-b009-459f-a30f-f260f082f218,4fde2b19-bb01-47c3-9892-368975aa205b,2021-10-06 20:44:12.427 +0000,caebc577-7ae5-4311-a49d-937214489772,TRUE,3,2021-10-06 20:45:00.300 +0000,a27846f9-a1c6-451e-a942-68ce895984ae,144.449451129
7e8518ca-c19b-4701-8300-b0dd3ffc7462,a7fd84bd-e13c-49c2-9b08-074c3478d168,2021-06-09 23:48:17.670 +0000,0c42f8f5-780e-4268-8c8a-46ee4145b86b,TRUE,3,2021-06-09 23:48:38.147 +0000,e65ea6b3-b5c5-46b3-b972-a104795e7472,123.062843282
11281202-e2c6-4d19-a08c-3bc47ab3f659,4fde2b19-bb01-47c3-9892-368975aa205b,2021-07-19 20:47:23.460 +0000,7bf76ddf-726e-4adc-9ebf-24a063811ca7,TRUE,3,2021-07-19 20:47:39.113 +0000,a27846f9-a1c6-451e-a942-68ce895984ae,5312.901855868
d97b5d73-e84d-4d22-bcbf-0cd604921414,a7fd84bd-e13c-49c2-9b08-074c3478d168,2021-07-22 02:19:59.043 +0000,88736f65-74b2-4a95-be1c-48cd6bdd0abf,TRUE,3,2021-07-22 02:20:13.160 +0000,e65ea6b3-b5c5-46b3-b972-a104795e7472,298.981629483
ec63601c-bad5-4506-9983-544be31f3b71,2030d3a6-5063-442a-93ad-2625ad66b2bf,2021-08-13 19:00:18.410 +0000,4976ebc5-c955-4e01-81ee-0a024f846192,TRUE,3,2021-08-13 19:00:39.187 +0000,34e1132e-f87d-4d86-b12a-638ecdcf7070,4698.239919079
2678e81d-ed0f-46b5-98c5-588bd1212fa9,4fde2b19-bb01-47c3-9892-368975aa205b,2021-10-11 15:56:25.693 +0000,a5e3aa81-b623-40d0-b951-acede2e3dcea,TRUE,3,2021-10-11 15:58:00.420 +0000,a27846f9-a1c6-451e-a942-68ce895984ae,5.870583525
11281202-e2c6-4d19-a08c-3bc47ab3f659,4fde2b19-bb01-47c3-9892-368975aa205b,2021-07-12 21:49:38.440 +0000,c761ae24-2cd8-4795-ad37-24433063abe7,TRUE,3,2021-07-12 21:50:05.173 +0000,a27846f9-a1c6-451e-a942-68ce895984ae,1745.619204812
2e9758c1-ec0b-4d9b-beff-f365be6b8be7,4fde2b19-bb01-47c3-9892-368975aa205b,2021-09-01 21:13:57.853 +0000,b9ab4ec1-b44a-4feb-93f8-db7f9f515450,TRUE,3,2021-09-01 21:15:00.137 +0000,a27846f9-a1c6-451e-a942-68ce895984ae,461.639210088
33c4ce1e-93d8-4842-8844-871cf2bc56ee,2030d3a6-5063-442a-93ad-2625ad66b2bf,2021-09-06 14:55:08.547 +0000,b927620e-964b-47f0-ac0a-7a0f0c931f95,TRUE,3,2021-09-06 14:58:00.127 +0000,34e1132e-f87d-4d86-b12a-638ecdcf7070,16780.678420441
e304a3e6-d29a-425e-9022-36d29f37b8a2,4fde2b19-bb01-47c3-9892-368975aa205b,2021-10-06 20:40:07.353 +0000,2a85798f-5e38-4493-a2d7-8c6ea25fb246,TRUE,3,2021-10-06 20:41:00.233 +0000,a27846f9-a1c6-451e-a942-68ce895984ae,171.722826688
b26816df-e632-4cfc-bd6f-da30939f604d,4fde2b19-bb01-47c3-9892-368975aa205b,2021-10-06 18:54:52.360 +0000,a745d65e-f948-440c-8473-c8b38953e0b5,TRUE,3,2021-10-06 18:56:00.297 +0000,a27846f9-a1c6-451e-a942-68ce895984ae,324.877263983
1bb7107f-4ab8-4a1d-b6b9-73e5083a5300,a7fd84bd-e13c-49c2-9b08-074c3478d168,2021-08-12 01:24:38.830 +0000,7bd21ea1-a459-47b7-9841-81b121bc9a81,TRUE,3,2021-08-12 01:24:53.523 +0000,e65ea6b3-b5c5-46b3-b972-a104795e7472,1546.066242623
496d5529-2199-429a-897e-adc1f9ecf713,4fde2b19-bb01-47c3-9892-368975aa205b,2021-11-01 23:32:38.010 +0000,001b6432-2952-4727-873e-f279d71d64e3,TRUE,3,2021-11-02 00:17:00.733 +0000,a27846f9-a1c6-451e-a942-68ce895984ae,3096.648752801
13f3af70-29af-4db8-95ff-bf1fbd5c367d,7bf43bd2-5be3-4958-8aa6-0f91d05c5022,2022-01-28 17:01:23.917 +0000,904c7e20-9705-4d20-8b5a-be58e70ec1e5,TRUE,3,2022-01-28 17:03:03.420 +0000,c733ab66-2124-4d27-88dc-da946f2e89fd,241.702097692
1bb7107f-4ab8-4a1d-b6b9-73e5083a5300,a7fd84bd-e13c-49c2-9b08-074c3478d168,2021-06-02 19:13:09.870 +0000,e8fe99d3-1176-4806-b367-3714b6e2c8e3,TRUE,3,2021-06-02 19:13:21.160 +0000,e65ea6b3-b5c5-46b3-b972-a104795e7472,378.837743018
92bbf734-3d5e-4fa0-bdf3-a41a2d3dcecf,a7fd84bd-e13c-49c2-9b08-074c3478d168,2021-10-06 17:58:19.377 +0000,d542e789-73ac-426a-a685-ac644cac57a0,TRUE,3,2021-10-06 17:59:00.353 +0000,e65ea6b3-b5c5-46b3-b972-a104795e7472,929.667391229
1bb7107f-4ab8-4a1d-b6b9-73e5083a5300,a7fd84bd-e13c-49c2-9b08-074c3478d168,2021-09-15 15:34:55.283 +0000,26ef0a54-01c1-412d-96b5-52c027655ded,TRUE,3,2021-09-15 15:36:00.210 +0000,e65ea6b3-b5c5-46b3-b972-a104795e7472,1262.775482821
a74bfff9-e8a6-4ed2-befb-52b48b5ac7cb,a7fd84bd-e13c-49c2-9b08-074c3478d168,2021-09-21 18:03:00.833 +0000,df272115-9d1b-45bc-9a1a-d4b0fd53e57e,TRUE,3,2021-09-21 18:04:00.227 +0000,e65ea6b3-b5c5-46b3-b972-a104795e7472,56.140925079
d6313b68-d0f5-4d48-a8ab-8f6203276af1,2030d3a6-5063-442a-93ad-2625ad66b2bf,2022-01-13 17:20:42.920 +0000,024e6474-70f3-4c2b-b719-646847769789,TRUE,3,2022-01-13 17:22:00.293 +0000,34e1132e-f87d-4d86-b12a-638ecdcf7070,4627.645934396
e74a175b-33ae-44f5-be9c-a8df23a37068,a7fd84bd-e13c-49c2-9b08-074c3478d168,2021-08-18 19:12:21.180 +0000,6441fb3c-44cc-4b78-8f61-cc13d6958b66,TRUE,3,2021-08-18 19:12:39.213 +0000,e65ea6b3-b5c5-46b3-b972-a104795e7472,49.693006652
1bb7107f-4ab8-4a1d-b6b9-73e5083a5300,a7fd84bd-e13c-49c2-9b08-074c3478d168,2021-10-13 16:38:06.937 +0000,d61691eb-6508-4fd1-9db6-af0af6638fe4,TRUE,3,2021-10-13 16:39:00.377 +0000,e65ea6b3-b5c5-46b3-b972-a104795e7472,175.915093484
9be979d2-ad9f-4204-8627-ce2c9ce74531,2030d3a6-5063-442a-93ad-2625ad66b2bf,2021-12-10 23:39:14.140 +0000,4a7b1a83-c8ba-4c4f-baf6-370d5ebbe292,TRUE,4,2021-12-11 00:02:21.057 +0000,34e1132e-f87d-4d86-b12a-638ecdcf7070,0
84b1a79d-3b7d-494c-9bcb-9d9a8f7666b8,a7fd84bd-e13c-49c2-9b08-074c3478d168,2021-11-05 17:09:57.987 +0000,7d26da2a-2dfe-4f87-b94d-7d18be46a05a,TRUE,3,2021-11-05 17:11:00.440 +0000,e65ea6b3-b5c5-46b3-b972-a104795e7472,177.099009539
92bbf734-3d5e-4fa0-bdf3-a41a2d3dcecf,a7fd84bd-e13c-49c2-9b08-074c3478d168,2021-09-08 20:04:20.930 +0000,dd3300d8-0b0e-496d-bee6-a0caa4672c84,TRUE,3,2021-09-08 20:05:00.350 +0000,e65ea6b3-b5c5-46b3-b972-a104795e7472,234.385588191
92bbf734-3d5e-4fa0-bdf3-a41a2d3dcecf,a7fd84bd-e13c-49c2-9b08-074c3478d168,2021-11-05 17:28:51.580 +0000,9517e565-b0d5-4538-bbbe-7b682888c92c,TRUE,3,2021-11-05 17:30:00.307 +0000,e65ea6b3-b5c5-46b3-b972-a104795e7472,212.991664278
572e9bda-b9d3-4d8a-b322-7b30612aafeb,a7fd84bd-e13c-49c2-9b08-074c3478d168,2021-08-20 01:26:03.243 +0000,9e2c28ed-ef14-4c44-ada6-d605d020659d,TRUE,3,2021-08-20 01:27:00.310 +0000,befdcfda-8c49-4d9b-9414-2c227931f34e,4.383992239
930d075a-5e6b-4f20-81b3-f855ef50ce56,a7fd84bd-e13c-49c2-9b08-074c3478d168,2021-06-22 20:41:51.960 +0000,c3dfcbda-0a46-443a-96d9-acb6854adc66,TRUE,3,2021-06-22 20:42:16.200 +0000,befdcfda-8c49-4d9b-9414-2c227931f34e,34.913668438
cf8284e6-390b-4089-8a97-f0b129ce4863,2030d3a6-5063-442a-93ad-2625ad66b2bf,2022-02-03 23:00:39.447 +0000,ee49d5c2-336e-4970-936d-0758158005cb,TRUE,4,2022-02-04 00:02:31.267 +0000,34e1132e-f87d-4d86-b12a-638ecdcf7070,0
11d883d0-10d5-480b-9779-41bc82e81c48,2030d3a6-5063-442a-93ad-2625ad66b2bf,2022-02-04 16:54:24.967 +0000,8c2a5f60-d748-4d0f-a663-b8b010852284,TRUE,3,2022-02-04 16:55:00.323 +0000,34e1132e-f87d-4d86-b12a-638ecdcf7070,611.263811557
b1f759fa-5215-4f27-b631-8853190f411e,2030d3a6-5063-442a-93ad-2625ad66b2bf,2022-02-04 20:26:51.877 +0000,c0978213-c775-4e02-b545-5aeef725cb73,TRUE,3,2022-02-04 20:28:00.293 +0000,34e1132e-f87d-4d86-b12a-638ecdcf7070,58.300044854
cf8284e6-390b-4089-8a97-f0b129ce4863,2030d3a6-5063-442a-93ad-2625ad66b2bf,2022-02-04 16:53:23.490 +0000,7dc5b062-8cbc-4c42-9d8b-5e9b4c3adb48,TRUE,3,2022-02-04 16:54:00.280 +0000,34e1132e-f87d-4d86-b12a-638ecdcf7070,81.006394354
bd442409-796d-4874-aeee-470280d02a49,2030d3a6-5063-442a-93ad-2625ad66b2bf,2022-02-04 22:51:10.007 +0000,1452efd8-344b-4ba1-af74-bc5c21ba5d20,TRUE,3,2022-02-04 22:52:00.363 +0000,34e1132e-f87d-4d86-b12a-638ecdcf7070,430.02543073
bd442409-796d-4874-aeee-470280d02a49,2030d3a6-5063-442a-93ad-2625ad66b2bf,2022-02-04 00:21:34.250 +0000,9d922a15-06e4-4ade-89ce-68013ad8cda6,TRUE,3,2022-02-04 00:22:00.353 +0000,34e1132e-f87d-4d86-b12a-638ecdcf7070,134.197889882
a5e6a1c5-678f-44b7-bf14-aa1a04abaec1,bd6437f0-d5d3-4d38-a678-d2df3edf9201,2022-02-08 06:02:16.533 +0000,14d0f88a-a45b-4d19-b2f3-7a832b696fac,TRUE,3,2022-02-08 06:34:55.770 +0000,3346af79-f2c4-4b43-b64c-ccc4e7d6dad5,6727.849608908
d028e149-2d02-4c3a-9db7-bad18a685127,4c539af2-d038-4918-b717-f78f5490838d,2022-02-08 06:23:41.887 +0000,aea40f34-8da5-4497-9bae-b077243d4f66,TRUE,3,2022-02-08 06:44:56.820 +0000,b6951ff1-41aa-495d-8a39-72d3cd300c47,21.064257156
0ec4c489-4d58-44c4-bb81-783cd11c5cb4,4fde2b19-bb01-47c3-9892-368975aa205b,2022-02-10 18:18:56.103 +0000,5a616f69-3ddf-4360-b23a-48b4336d99e1,TRUE,3,2022-02-11 00:25:04.063 +0000,a27846f9-a1c6-451e-a942-68ce895984ae,3505.053012064